date,co2,lag_1,lag_3,lag_6,lag_12,rolling_mean_3,rolling_std_3,rolling_mean_6,rolling_std_6,rolling_mean_12,rolling_std_12,month,quarter,year,split
1959-03-31,316.73333333333335,316.7,314.7,313.5,316.1,315.6333333333333,0.8219218670624869,314.5478142076502,1.2315024734010254,315.42826730418943,1.3806280501194272,3,1,1959,train
1959-04-30,317.675,316.73333333333335,315.5,313.46188524590167,317.2,316.31111111111113,0.5737035841521736,315.08670309653917,1.3562056063101233,315.48104508196724,1.4169260258624858,4,2,1959,train
1959-05-31,318.325,317.675,316.7,313.425,317.43333333333334,317.0361111111111,0.4519675777729068,315.7888888888889,1.422241210810682,315.52062841530056,1.470033515547504,5,2,1959,train
1959-06-30,318.025,318.325,316.73333333333335,314.7,316.54398907103825,317.5777777777778,0.6534216682533703,316.60555555555555,1.2233044451124433,315.5949339708561,1.5830294410970727,6,2,1959,train
1959-07-31,316.525,318.025,317.675,315.5,315.625,318.0083333333333,0.2656229575080331,317.15972222222223,0.9591592656661694,315.7183515482696,1.7052252802880978,7,3,1959,train
1959-08-31,314.9,316.525,318.325,316.7,314.95000000000005,317.62499999999994,0.7874007874010689,317.3305555555555,0.7062824339758736,315.7933515482696,1.7192049105017089,8,3,1959,train
1959-09-30,313.825,314.9,318.025,316.73333333333335,313.5,316.4833333333333,1.2761160692594653,317.03055555555557,1.1520278685328214,315.7891848816029,1.7213031185948435,9,3,1959,train
1959-10-31,313.4,313.825,316.525,317.675,313.46188524590167,315.0833333333333,1.1098673594424546,316.5458333333333,1.6703552932102115,315.81626821493626,1.6872923540551805,10,4,1959,train
1959-11-30,314.875,313.4,314.9,318.325,313.425,314.0416666666667,0.6312465621471169,315.8333333333333,1.9285501174601383,315.81111111111113,1.6945594223285538,11,4,1959,train
1959-12-31,315.525,314.875,313.825,318.025,314.7,314.0333333333333,0.619923830446855,315.25833333333327,1.5833552630060495,315.93194444444447,1.5670021557652258,12,4,1959,train
1960-01-31,316.38,315.525,313.4,316.525,315.5,314.59999999999997,0.8890538041462744,314.84166666666664,1.0341730459111118,316.00069444444443,1.5290832490619204,1,1,1960,train
1960-02-29,316.975,316.38,314.875,314.9,316.7,315.5933333333333,0.61631070807597,314.8175,0.9955264520176618,316.07402777777776,1.5244067544235453,2,1,1960,train
1960-03-31,317.575,316.975,315.525,313.825,316.73333333333335,316.29333333333335,0.5951237032940406,315.16333333333336,1.2830194421321208,316.09694444444443,1.5356702953996573,3,1,1960,train
1960-04-30,319.12,317.575,316.38,313.4,317.675,316.97666666666663,0.48785813056226635,315.78833333333336,1.3879291128231925,316.1670833333333,1.5816663922549885,4,2,1960,train
1960-05-31,319.925,319.12,316.975,314.875,318.325,317.89,0.9035762281070161,316.7416666666667,1.3844904798836735,316.28749999999997,1.7390592523928998,5,2,1960,train
1960-06-30,319.45,319.925,317.575,315.525,318.025,318.8733333333333,0.975109680440572,317.5833333333333,1.5220399323128386,316.42083333333335,1.9399010212436738,6,2,1960,train
1960-07-31,318.06,319.45,319.12,316.38,316.525,319.49833333333333,0.3304122004741361,318.2375,1.3278891457242845,316.5395833333333,2.073480827752108,7,3,1960,train
1960-08-31,315.775,318.06,319.925,316.975,314.9,319.145,0.7913385284861796,318.5175,1.0559780221824053,316.66749999999996,2.1155569597626043,8,3,1960,train
1960-09-30,314.175,315.775,319.45,317.575,313.825,317.7616666666667,1.515070588747966,318.3175,1.389996252992204,316.74041666666665,2.067923131160554,9,3,1960,train
1960-10-31,313.84000000000003,314.175,318.06,319.12,313.4,316.00333333333333,1.5942413730536382,317.75083333333333,2.0926407094597215,316.7695833333333,2.028693605021598,10,4,1960,train
1960-11-30,315.025,313.84000000000003,315.775,319.925,314.875,314.5966666666667,0.8443570861249525,316.87083333333334,2.4169012817148774,316.80625,1.9706049462453412,11,4,1960,train
1960-12-31,316.2,315.025,314.175,319.45,315.525,314.3466666666667,0.49877071107154164,316.0541666666667,2.046377727975777,316.81874999999997,1.9587550521100423,12,4,1960,train
1961-01-31,316.925,316.2,313.84000000000003,318.06,316.38,315.0216666666667,0.9634688486000397,315.5125,1.4056515393225881,316.875,1.9302795566100237,1,1,1961,train
1961-02-28,317.65,316.925,315.025,315.775,316.975,316.05,0.7828899454374153,315.3233333333333,1.0913167378090796,316.92041666666665,1.924501513740322,2,1,1961,train
1961-03-31,318.525,317.65,316.2,314.175,317.575,316.925,0.5919600211727478,315.6358333333333,1.400551726602345,316.9766666666667,1.9351101748708681,3,1,1961,train
1961-04-30,319.41999999999996,318.525,316.925,313.84000000000003,319.12,317.7,0.6541533968930223,316.36083333333335,1.5720883580623772,317.05583333333334,1.9769492841805638,4,2,1961,train
1961-05-31,320.475,319.41999999999996,317.65,315.025,319.925,318.53166666666664,0.7226148505407659,317.2908333333333,1.4516238512628081,317.0808333333333,2.0045976667539422,5,2,1961,train
1961-06-30,319.75,320.475,318.525,316.2,319.45,319.4733333333333,0.7969769270323267,318.19916666666666,1.4547491670003645,317.1266666666666,2.0741829047174245,6,2,1961,train
1961-07-31,318.32,319.75,319.41999999999996,316.925,318.06,319.88166666666666,0.44064977274680284,318.7908333333333,1.225137463942233,317.15166666666664,2.1036340910169424,7,3,1961,train
1961-08-31,316.775,318.32,320.475,317.65,315.775,319.51500000000004,0.8953304790222855,319.0233333333333,0.950594843008724,317.17333333333335,2.1141904807487593,8,3,1961,train
1961-09-30,315.04,316.775,319.75,318.525,314.175,318.2816666666667,1.2148410961474003,318.8775,1.1876543759301077,317.25666666666666,2.0768087832590583,9,3,1961,train
1961-10-31,315.34999999999997,315.04,318.32,319.41999999999996,313.84000000000003,316.71166666666664,1.3398030535201755,318.2966666666667,1.872657796347643,317.32874999999996,1.9814179739519182,10,4,1961,train
1961-11-30,316.05,315.34999999999997,316.775,320.475,315.025,315.72166666666664,0.7554946870905556,317.61833333333334,2.069671203087221,317.45458333333335,1.7950457959957264,11,4,1961,train
1961-12-31,316.98,316.05,315.04,319.75,316.2,315.47999999999996,0.4224531532212096,316.8808333333333,1.6701756810453547,317.54,1.699232669962043,12,4,1961,train
1962-01-31,317.925,316.98,315.34999999999997,318.32,316.925,316.12666666666667,0.667649275859268,316.4191666666666,1.0981667172559682,317.605,1.6612244480100529,1,1,1962,train
1962-02-28,318.625,317.925,316.05,316.775,317.65,316.98499999999996,0.7654737095418264,316.35333333333335,0.9886171599202478,317.68833333333333,1.6500673386931313,2,1,1962,train
1962-03-31,319.67999999999995,318.625,316.98,315.04,318.525,317.8433333333333,0.6740466518635772,316.6616666666667,1.3087165043998998,317.7695833333333,1.670062945836217,3,1,1962,train
1962-04-30,320.55,319.67999999999995,317.925,315.34999999999997,319.41999999999996,318.74333333333334,0.7213451939871447,317.435,1.4814801157399677,317.86583333333334,1.742536266161608,4,2,1962,train
1962-05-31,320.9,320.55,318.625,316.05,320.475,319.61833333333334,0.7870867522420435,318.3016666666667,1.5285087140373907,317.96,1.851128034469668,5,2,1962,train
1962-06-30,320.5,320.9,319.67999999999995,316.98,319.75,320.37666666666667,0.5129219130512397,319.10999999999996,1.401127522152246,317.9954166666667,1.9022666943382027,6,2,1962,train
1962-07-31,319.425,320.5,320.55,317.925,318.32,320.65000000000003,0.17795130419824112,319.69666666666666,1.0885068774340525,318.05791666666664,1.9700025997584476,7,3,1962,train
1962-08-31,317.73333333333335,319.425,320.9,318.625,316.775,320.27500000000003,0.6228295647012284,319.94666666666666,0.7819935350677892,318.15000000000003,2.005604646982915,8,3,1962,train
1962-09-30,316.06666666666666,317.73333333333335,320.5,319.67999999999995,315.04,319.21944444444443,1.138800809601958,319.79805555555555,1.0558261714505626,318.2298611111111,1.967990780514683,9,3,1962,train
1962-10-31,315.475,316.06666666666666,319.425,320.55,315.34999999999997,317.7416666666667,1.371046504870751,319.1958333333334,1.7522323724427114,318.31541666666664,1.845991418487382,10,4,1962,train
1962-11-30,316.54999999999995,315.475,317.73333333333335,320.9,316.05,316.425,0.9561448441334889,318.34999999999997,2.087268505682537,318.3258333333333,1.8295076877753287,11,4,1962,train
1962-12-31,317.52500000000003,316.54999999999995,316.06666666666666,320.5,316.98,316.03055555555557,0.43960911369040667,317.625,1.8130953683726714,318.3675,1.7822858424151504,12,4,1962,train
1963-01-31,318.725,317.52500000000003,315.475,319.425,317.925,316.51666666666665,0.8372408388404905,317.12916666666666,1.2905528351718505,318.41291666666666,1.7530547577858733,1,1,1963,train
1963-02-28,318.96666666666664,318.725,316.54999999999995,317.73333333333335,318.625,317.59999999999997,0.889522343732833,317.0125,1.09448057610962,318.4795833333333,1.7484376789376859,2,1,1963,train
1963-03-31,319.86,318.96666666666664,317.52500000000003,316.06666666666666,319.67999999999995,318.40555555555557,0.6304148154239012,317.21805555555557,1.3059463067724237,318.5080555555556,1.753348890051912,3,1,1963,train
1963-04-30,321.275,319.86,318.725,315.475,320.55,319.1838888888889,0.4881566486077718,317.8502777777778,1.4993842614819504,318.5230555555556,1.7640480899282804,4,2,1963,train
1963-05-31,322.09999999999997,321.275,318.96666666666664,316.54999999999995,320.9,320.03388888888884,0.9503608801233098,318.81694444444446,1.5258347492759552,318.58347222222227,1.8430789530037799,5,2,1963,train
1963-06-30,321.46,322.09999999999997,319.86,317.52500000000003,320.5,321.0783333333333,0.9249894894294676,319.7419444444444,1.5532061871739622,318.68347222222224,1.99254751074122,6,2,1963,train
1963-07-31,319.6,321.46,321.275,318.725,319.425,321.6116666666666,0.3534669558647483,320.3977777777778,1.2865240517772003,318.7634722222222,2.0811751552921818,7,3,1963,train
1963-08-31,317.6,319.6,322.09999999999997,318.96666666666664,317.73333333333335,321.05333333333334,1.0603563342362508,320.54361111111115,1.1285333060385168,318.77805555555557,2.0863662183118388,8,3,1963,train
1963-09-30,316.15,317.6,321.46,319.86,316.06666666666666,319.55333333333334,1.5761838584235581,320.31583333333333,1.50046219730933,318.76694444444445,2.092247134300085,9,3,1963,train
1963-10-31,316.05,316.15,319.6,321.275,315.475,317.78333333333336,1.4144099672849786,319.6975,2.1741161997462535,318.7738888888889,2.0833925917496408,10,4,1963,train
1963-11-30,317.0,316.05,317.6,322.09999999999997,316.54999999999995,316.59999999999997,0.7082843120288606,318.82666666666665,2.4023021366087733,318.8218055555555,2.0123710515776323,11,4,1963,train
1963-12-31,318.35,317.0,316.15,321.46,317.52500000000003,316.40000000000003,0.4262237284175782,317.9766666666667,1.9541977609466492,318.8593055555555,1.9735046446768183,12,4,1963,train
1964-01-31,319.40000000000003,318.35,316.05,319.6,318.725,317.1333333333334,0.9436925111258486,317.4583333333333,1.245463992075186,318.92805555555555,1.9399086978958757,1,1,1964,train
1964-02-29,320.0231404958678,319.40000000000003,317.0,317.6,318.96666666666664,318.25000000000006,0.9823441352191132,317.425,1.1890997995684167,318.9843055555555,1.9429891131120793,2,1,1964,train
1964-03-31,320.68925619834715,320.0231404958678,318.35,316.15,319.86,319.2577134986226,0.6904268564121362,317.82885674931134,1.539743344006987,319.0723450413223,1.9640166287107486,3,1,1964,train
1964-04-30,321.3338842975207,320.68925619834715,319.40000000000003,316.05,321.275,320.0374655647383,0.5264340996690167,318.58539944903583,1.6408352180509516,319.14144972451794,2.00468267819654,4,2,1964,train
1964-05-31,322.0,321.3338842975207,320.0231404958678,317.0,322.09999999999997,320.68209366391187,0.535132883694109,319.4660468319559,1.4506734639866479,319.14635674931134,2.009964247511951,5,2,1964,train
1964-06-30,321.75,322.0,320.68925619834715,318.35,321.46,321.34104683195596,0.5351328836940099,320.2993801652893,1.2110316544487394,319.13802341597795,1.9978720623838029,6,2,1964,train
1964-07-31,320.3,321.75,321.3338842975207,319.40000000000003,319.6,321.69462809917354,0.27474481229153647,320.86604683195594,0.9289002653519431,319.16219008264466,2.0273494892191155,7,3,1964,train
1964-08-31,318.5,320.3,322.0,320.0231404958678,317.6,321.35,0.7494442385298818,321.0160468319559,0.731807114876629,319.220523415978,2.0490618171944006,8,3,1964,train
1964-09-30,316.6,318.5,321.75,320.68925619834715,316.15,320.18333333333334,1.3293691068402438,320.7621900826446,1.1669917947177422,319.295523415978,2.004357956625345,9,3,1964,train
1964-10-31,316.96,316.6,320.3,321.3338842975207,316.05,318.46666666666664,1.5107025591495977,320.0806473829201,1.9451959334444653,319.33302341597795,1.9485905963257029,10,4,1964,train
1964-11-30,317.725,316.96,318.5,322.0,317.0,317.3533333333333,0.8240280469869141,319.3516666666667,2.147947987162322,319.4088567493113,1.8336678360291578,11,4,1964,train
1964-12-31,318.67499999999995,317.725,316.6,321.75,318.35,317.095,0.46909487313212134,318.63916666666665,1.8379572371399218,319.46927341597797,1.7639216116563348,12,4,1964,train
1965-01-31,319.4,318.67499999999995,316.96,320.3,319.40000000000003,317.78666666666663,0.7015023560576308,318.12666666666667,1.2258727050100349,319.4963567493113,1.7489598961740183,1,1,1965,train
1965-02-28,320.45,319.4,317.725,318.5,320.0231404958678,318.59999999999997,0.6858692781175968,317.9766666666667,0.9814600801299453,319.49635674931125,1.7489598961740185,2,1,1965,train
1965-03-31,320.92499999999995,320.45,318.67499999999995,316.6,320.68925619834715,319.5083333333333,0.7286784079559493,318.3016666666667,1.3533497535948147,319.53192837465565,1.763591951782231,3,1,1965,train
1965-04-30,322.0,320.92499999999995,319.4,316.96,321.3338842975207,320.25833333333327,0.6371594951197314,319.0225,1.4058175260914327,319.55157369146,1.7776315813668433,4,2,1965,train
1965-05-31,322.06,322.0,320.45,317.725,322.0,321.125,0.6483954554635446,319.86249999999995,1.428048639460626,319.6070833333333,1.8416675622167529,5,2,1965,train
1965-06-30,321.775,322.06,320.92499999999995,318.67499999999995,321.75,321.66166666666663,0.5214776015209553,320.585,1.2492664514285678,319.6120833333333,1.848227144154112,6,2,1965,train
1965-07-31,321.03999999999996,321.775,322.0,319.4,320.3,321.945,0.12267844146039514,321.10166666666663,0.9600636552958953,319.6141666666667,1.8506483473514674,7,3,1965,train
1965-08-31,318.725,321.03999999999996,322.06,320.45,318.5,321.625,0.42970920399634566,321.37499999999994,0.6041798849109865,319.6758333333333,1.8844935585513047,8,3,1965,train
1965-09-30,317.825,318.725,321.775,320.92499999999995,316.6,320.5133333333333,1.2996559373752554,321.0875,1.1446351310925282,319.6945833333333,1.8737901189090929,9,3,1965,train
1965-10-31,317.34000000000003,317.825,321.03999999999996,322.0,316.96,319.19666666666666,1.3542299985188002,320.57083333333327,1.6771489117608052,319.7966666666667,1.7302918026221301,10,4,1965,train
1965-11-30,318.875,317.34000000000003,318.725,322.06,317.725,317.9633333333333,0.573822465769466,319.7941666666666,1.8997136114568172,319.8283333333333,1.6808583290156558,11,4,1965,train
1965-12-31,319.325,318.875,317.825,321.775,318.67499999999995,318.0133333333333,0.6406550467204751,319.2633333333333,1.6162525242737704,319.9241666666667,1.5884489727051216,12,4,1965,train
1966-01-31,320.54,319.325,317.34000000000003,321.03999999999996,319.4,318.5133333333333,0.8497679421789367,318.855,1.1809988710124746,319.9783333333333,1.5556728626400242,1,1,1966,train
1966-02-28,321.575,320.54,318.875,318.725,320.45,319.58,0.7032424901834748,318.7716666666667,1.032140440486852,320.0733333333333,1.5522595537542223,2,1,1966,train
1966-03-31,322.375,321.575,319.325,317.825,320.92499999999995,320.48,0.9195379274393107,319.24666666666667,1.4659827951086868,320.1670833333333,1.6052459031940352,3,1,1966,train
1966-04-30,323.65999999999997,322.375,320.54,317.34000000000003,322.0,321.49666666666667,0.7511805523451599,320.00500000000005,1.6935933199360045,320.28791666666666,1.7089719842801827,4,2,1966,train
1966-05-31,324.025,323.65999999999997,321.575,318.875,322.06,322.53666666666663,0.8588396564870935,321.05833333333334,1.6737823102840823,320.42625000000004,1.898620250119969,5,2,1966,train
1966-06-30,323.7,324.025,322.375,319.325,321.775,323.3533333333333,0.7076526140850986,321.9166666666667,1.6544401537134086,320.59,2.105888569384803,6,2,1966,train
1966-07-31,322.85,323.7,323.65999999999997,320.54,321.03999999999996,323.79499999999996,0.16345233759693129,322.6458333333333,1.2712507511182392,320.7504166666667,2.257880143642358,7,3,1966,train
1966-08-31,320.20000000000005,322.85,324.025,321.575,318.725,323.525,0.4953954649226288,323.0308333333333,0.8577364429425511,320.90125,2.3314454788461605,8,3,1966,train
1966-09-30,318.7,320.20000000000005,323.7,322.375,317.825,322.25,1.4905256343538622,322.8016666666667,1.2905640455056395,321.02416666666664,2.2509635282594904,9,3,1966,train
1966-10-31,318.18,318.7,322.85,323.65999999999997,317.34000000000003,320.5833333333333,1.7157764682173535,322.18916666666667,2.015937368129056,321.09708333333333,2.158420003085838,10,4,1966,train
1966-11-30,319.90000000000003,318.18,320.20000000000005,324.025,318.875,319.0266666666667,0.8564007369344124,321.27583333333337,2.3554553994687812,321.1670833333333,2.0461391064769767,11,4,1966,train
1966-12-31,321.06000000000006,319.90000000000003,318.7,323.7,319.325,318.9266666666667,0.720246871256732,320.5883333333333,2.032571578621684,321.2525,1.968597745435099,12,4,1966,train
1967-01-31,322.4,321.06000000000006,318.18,322.85,320.54,319.71333333333337,1.1831408294120078,320.14833333333337,1.5365808002036327,321.39708333333334,1.8836018890380395,1,1,1967,train
1967-02-28,322.425,322.4,319.90000000000003,320.20000000000005,321.575,321.12000000000006,1.0215021618508353,320.0733333333333,1.4085295721263582,321.5520833333333,1.8832246926626406,2,1,1967,train
1967-03-31,323.0,322.425,321.06000000000006,318.7,322.375,321.96166666666664,0.6376562989218961,320.44416666666666,1.6629752871146721,321.6229166666667,1.8986765767381963,3,1,1967,train
1967-04-30,324.28000000000003,323.0,322.4,318.18,323.65999999999997,322.60833333333335,0.277138152470544,321.16083333333336,1.6833211633217326,321.675,1.9269546353418305,4,2,1967,train
1967-05-31,324.95,324.28000000000003,322.425,319.90000000000003,324.025,323.23499999999996,0.7753171394119289,322.17750000000007,1.3930534507561994,321.72666666666663,1.9868655521249896,5,2,1967,train
1967-06-30,324.075,324.95,323.0,321.06000000000006,323.7,324.07666666666665,0.8089636717563151,323.0191666666667,1.2840639154205806,321.80375000000004,2.0898137127900567,6,2,1967,train
1967-07-31,322.48,324.075,324.28000000000003,322.4,322.85,324.435,0.37365313683403245,323.52166666666665,0.9707671651250046,321.835,2.1205138921179816,7,3,1967,train
1967-08-31,320.85,322.48,324.95,322.425,320.20000000000005,323.83500000000004,1.022553992054149,323.535,0.9557021851301778,321.8041666666667,2.108185271480564,8,3,1967,train
1967-09-30,319.3,320.85,324.075,323.0,318.7,322.4683333333333,1.3166265816679719,323.2725,1.3567048008549383,321.8583333333333,2.0743516389997385,9,3,1967,train
1967-10-31,319.45,319.3,322.48,324.28000000000003,318.18,320.87666666666667,1.2983664950831975,322.65583333333336,2.019435599093379,321.90833333333336,2.0036470220294644,10,4,1967,train
1967-11-30,320.675,319.45,320.85,324.95,319.90000000000003,319.86666666666673,0.6980130530450457,321.85083333333336,2.168717779138879,322.01416666666665,1.8299303644913685,11,4,1967,train
1967-12-31,321.91999999999996,320.675,319.3,324.075,321.06000000000006,319.80833333333334,0.6158778738959461,321.1383333333334,1.6808645262345667,322.07875,1.7667615442286686,12,4,1967,train
1968-01-31,322.55,321.91999999999996,319.45,322.48,322.4,320.6816666666667,1.008384296232286,320.7791666666667,1.1665348139771619,322.1504166666667,1.741241724475423,1,1,1968,train
1968-02-29,323.05,322.55,320.675,320.85,322.425,321.715,0.7790699583471076,320.79083333333335,1.1837103272707332,322.16291666666666,1.74352547339793,2,1,1968,train
1968-03-31,323.91999999999996,323.05,321.91999999999996,319.3,323.0,322.50666666666666,0.46233705838328853,321.15749999999997,1.4549162347015567,322.215,1.7598354563230925,3,1,1968,train
1968-04-30,324.975,323.91999999999996,322.55,319.45,324.28000000000003,323.17333333333335,0.5660584971724437,321.9275,1.490211813802792,322.2916666666667,1.8116409841781833,4,2,1968,train
1968-05-31,325.475,324.975,323.05,320.675,324.95,323.9816666666667,0.7870867522417486,322.8483333333333,1.3775602426822449,322.3495833333333,1.8839469409692573,5,2,1968,train
1968-06-30,325.26,325.475,323.91999999999996,321.91999999999996,324.075,324.79,0.6481640738775846,323.6483333333333,1.2729253273011265,322.3933333333333,1.9488066148853163,6,2,1968,train
1968-07-31,324.025,325.26,324.975,322.55,322.48,325.2366666666667,0.20478986519787393,324.205,1.1160271800730828,322.49208333333337,2.0584566005596066,7,3,1968,train
1968-08-31,321.93999999999994,324.025,325.475,323.05,320.85,324.92,0.6389183568074798,324.4508333333333,0.8567254357244216,322.62083333333334,2.101540935969139,8,3,1968,train
1968-09-30,320.25,321.93999999999994,325.26,323.91999999999996,319.3,323.7416666666666,1.3701115120874579,324.2658333333333,1.1930682317247083,322.71166666666664,2.0458569245071954,9,3,1968,train
1968-10-31,320.275,320.25,324.025,324.975,319.45,322.07166666666666,1.543946962243611,323.65416666666664,1.9279942441696323,322.7908333333333,1.927249587422627,10,4,1968,train
1968-11-30,321.32,320.275,321.93999999999994,325.475,320.675,320.82166666666666,0.7908469440340531,322.87083333333334,2.171615022408873,322.8595833333333,1.8184934908839636,11,4,1968,train
1968-12-31,322.925,321.32,320.25,325.26,321.91999999999996,320.615,0.49861474774200976,322.17833333333334,1.8726778212546575,322.91333333333336,1.7617762501390455,12,4,1968,train
1969-01-31,323.925,322.925,320.275,324.025,322.55,321.50666666666666,1.0898802176790154,321.7891666666667,1.365874007935124,322.9970833333333,1.73626809845733,1,1,1969,train
1969-02-28,324.275,323.925,321.32,321.93999999999994,323.05,322.72333333333336,1.073004608046039,321.7725,1.3388326694041728,323.1116666666667,1.7483114869936474,2,1,1969,train
1969-03-31,325.6,324.275,322.925,320.25,323.91999999999996,323.7083333333333,0.5720334100568564,322.1616666666667,1.637100248066416,323.21375,1.7772545833855717,3,1,1969,train
1969-04-30,326.575,325.6,323.925,320.275,324.975,324.59999999999997,0.7213991035936395,323.05333333333334,1.8017506918416157,323.35375,1.889969273338853,4,2,1969,train
1969-05-31,327.28000000000003,326.575,324.275,321.32,325.475,325.48333333333335,0.9425880448113282,324.1033333333333,1.7100601029059899,323.4870833333333,2.049359105440974,5,2,1969,train
1969-06-30,326.55,327.28000000000003,325.6,322.925,325.26,326.48499999999996,0.6888033100958353,325.0966666666667,1.5258786175676118,323.6375,2.2465042287959833,6,2,1969,train
1969-07-31,325.8,326.55,326.575,323.925,324.025,326.8016666666667,0.3383866952977652,325.7008333333334,1.2366467316428214,323.74499999999995,2.350050531371231,7,3,1969,train
1969-08-31,323.54,325.8,327.28000000000003,324.275,321.93999999999994,326.54333333333335,0.6042258591684699,326.0133333333333,0.9527227065359908,323.8929166666667,2.4179006547803086,8,3,1969,train
1969-09-30,322.4,323.54,326.55,325.6,320.25,325.2966666666667,1.2793314226141153,325.8908333333334,1.1868460187471814,324.02625,2.349685373441464,9,3,1969,train
1969-10-31,321.8,322.4,325.8,326.575,320.275,323.91333333333336,1.4129244691612428,325.3575,1.7723001767931452,324.2054166666667,2.126257920162455,10,4,1969,train
1969-11-30,322.82,321.8,323.54,327.28000000000003,321.32,322.58,0.7216647421060971,324.56166666666667,2.090441872479905,324.33250000000004,1.9234458011594544,11,4,1969,train
1969-12-31,324.125,322.82,322.4,326.55,322.925,322.34,0.4185689907279996,323.8183333333333,1.7582417037724372,324.4575,1.7658974347333614,12,4,1969,train
1970-01-31,325.08000000000004,324.125,321.8,325.8,323.925,322.915,0.9515513648768642,323.4141666666667,1.3038673777976646,324.5575,1.7093547759309111,1,1,1970,train
1970-02-28,326.025,325.08000000000004,322.82,323.54,324.275,324.0083333333333,0.9263218783021572,323.2941666666667,1.0952032409032997,324.65375,1.7035381379639747,2,1,1970,train
1970-03-31,327.0,326.025,324.125,322.4,325.6,325.07666666666665,0.775675332997709,323.7083333333333,1.503586453190504,324.7995833333333,1.739400589203042,3,1,1970,train
1970-04-30,328.075,327.0,325.08000000000004,321.8,326.575,326.035,0.7838686114386832,324.47499999999997,1.7870506428176614,324.91625,1.8335758835758393,4,2,1970,train
1970-05-31,327.91999999999996,328.075,326.025,322.82,327.28000000000003,327.0333333333333,0.8372408388396962,325.5208333333333,1.7513361962273963,325.04125000000005,1.9870991472070114,5,2,1970,train
1970-06-30,327.55,327.91999999999996,327.0,324.125,326.55,327.66499999999996,0.47446461055108147,326.37083333333334,1.445081937313139,325.09458333333333,2.0539357121681414,6,2,1970,train
1970-07-31,326.3,327.55,328.075,325.08000000000004,325.8,327.8483333333333,0.2202397683304836,326.94166666666666,1.0740215185063922,325.1779166666667,2.1301667171967864,7,3,1970,train
1970-08-31,324.65999999999997,326.3,327.91999999999996,326.025,323.54,327.25666666666666,0.6931249686895792,327.145,0.7766380538314097,325.21958333333333,2.1467528369732984,8,3,1970,train
1970-09-30,323.15,324.65999999999997,327.55,327.0,322.4,326.17,1.1834131428480315,326.91749999999996,1.1711310416256897,325.3129166666667,2.0954349770519847,9,3,1970,train
1970-10-31,323.14,323.15,326.3,328.075,321.8,324.7033333333333,1.2863471105761894,326.2758333333333,1.8232809635970748,325.3754166666667,2.017350219897249,10,4,1970,train
1970-11-30,324.05,323.14,324.65999999999997,327.91999999999996,322.82,323.65000000000003,0.7141895173309697,325.4533333333333,1.9357829308963397,325.4870833333333,1.8461733603283552,11,4,1970,train
1970-12-31,325.1,324.05,323.15,327.55,324.125,323.44666666666666,0.42664062420381405,324.80833333333334,1.6264625896559395,325.58958333333334,1.725448562853349,12,4,1970,train
1971-01-31,326.14,325.1,323.14,326.3,325.08000000000004,324.0966666666667,0.8008467740800005,324.40000000000003,1.1135678395717492,325.67083333333335,1.6768408209743595,1,1,1971,train
1971-02-28,326.65,326.14,324.05,324.65999999999997,326.025,325.0966666666667,0.8532421826310108,324.37333333333333,1.0687635639142639,325.75916666666666,1.671300433460695,2,1,1971,train
1971-03-31,327.2,326.65,325.1,323.15,327.0,325.9633333333333,0.6449978466792893,324.705,1.3720149416076886,325.81125000000003,1.6884239754369506,3,1,1971,train
1971-04-30,327.675,327.2,326.14,323.14,328.075,326.66333333333336,0.43284587967808197,325.38,1.4357228144714724,325.8279166666667,1.701016189336792,4,2,1971,train
1971-05-31,328.82,327.675,326.65,324.05,327.91999999999996,327.175,0.41882772910283594,326.1358333333333,1.237572949586603,325.7945833333333,1.6600821494891604,5,2,1971,train
1971-06-30,328.475,328.82,327.2,325.1,327.55,327.8983333333333,0.6799550638738524,326.93083333333334,1.1727049098334608,325.8695833333333,1.771033665138107,6,2,1971,train
1971-07-31,327.21999999999997,328.475,327.675,326.14,326.3,328.3233333333333,0.47958894436212895,327.49333333333334,0.9474072807123741,325.94666666666666,1.8603721999156877,7,3,1971,train
1971-08-31,325.25,327.21999999999997,328.82,326.65,324.65999999999997,328.1716666666667,0.6875116160626367,327.67333333333335,0.7565583622871325,326.0233333333333,1.8920407119172706,8,3,1971,train
1971-09-30,323.4,325.25,328.475,327.2,323.15,326.9816666666666,1.3273427925323793,327.44,1.1498514396758617,326.0725,1.8634237083024043,9,3,1971,train
1971-10-31,323.54,323.4,327.21999999999997,327.675,323.14,325.29,1.5597649395550628,326.8066666666667,1.9057056144328863,326.0933333333333,1.8317618264626272,10,4,1971,train
1971-11-30,324.825,323.54,325.25,328.82,324.05,324.06333333333333,0.8410443243693695,326.1175,2.1930833507476017,326.12666666666667,1.780641660250315,11,4,1971,train
1971-12-31,325.925,324.825,323.4,328.475,325.1,323.9216666666667,0.6413050929320335,325.45166666666665,1.8513388548694663,326.19125,1.7170700881142662,12,4,1971,train
1972-01-31,326.72,325.925,323.54,327.21999999999997,326.14,324.7633333333333,0.9746480846373625,325.0266666666667,1.326931506226508,326.26,1.6882757476184624,1,1,1972,train
1972-02-29,327.625,326.72,324.825,325.25,326.65,325.8233333333333,0.7769634626034005,324.9433333333333,1.1957900689014564,326.30833333333334,1.6924456334603066,2,1,1972,train
1972-03-31,327.725,327.625,325.925,323.4,327.2,326.75666666666666,0.6945062194734732,325.3391666666667,1.5671987128470768,326.3895833333333,1.7298873498156226,3,1,1972,train
1972-04-30,329.64,327.725,326.72,323.54,327.675,327.35666666666674,0.45203859225440585,326.06,1.5028251173461398,326.43333333333334,1.7562677440770296,4,2,1972,train
1972-05-31,330.0,329.64,327.625,324.825,328.82,328.33,0.92720907386906,327.07666666666665,1.5174119048171217,326.59708333333333,1.945784394458593,5,2,1972,train
1972-06-30,329.075,330.0,327.725,325.925,328.475,329.12166666666667,0.9984682713473393,327.9391666666667,1.462171378081127,326.6954166666667,2.080772551173842,6,2,1972,train
1972-07-31,328.04,329.075,329.64,326.72,327.21999999999997,329.57166666666666,0.38070840401463835,328.46416666666664,1.1837208872361027,326.74541666666664,2.1295710232466467,7,3,1972,train
1972-08-31,326.25,328.04,330.0,327.625,325.25,329.03833333333336,0.800586590499351,328.68416666666667,0.9358214602932781,326.81374999999997,2.1566864292619874,8,3,1972,train
1972-09-30,324.86,326.25,329.075,327.725,323.4,327.78833333333336,1.1669499656029558,328.455,1.274284112743374,326.89708333333334,2.113542108180395,9,3,1972,train
1972-10-31,325.3,324.86,328.04,329.64,323.54,326.3833333333334,1.3016485274018825,327.9775,1.8603712667074725,327.01875,1.9439480070625856,10,4,1972,train
1972-11-30,326.425,325.3,326.25,330.0,324.825,325.47,0.5800574684161209,327.25416666666666,1.9162341903363258,327.16541666666666,1.7306422920555657,11,4,1972,train
1972-12-31,327.54,326.425,324.86,329.075,325.925,325.52833333333336,0.6589933400428857,326.65833333333336,1.474761751000697,327.29875,1.6020509316172329,12,4,1972,train
1973-01-31,328.55,327.54,325.3,328.04,326.72,326.4216666666667,0.9144792081949235,326.4025,1.1250101851358518,327.43333333333334,1.5479143674261844,1,1,1973,train
1973-02-28,329.475,328.55,326.425,326.25,327.625,327.50500000000005,0.8678805601378333,326.4875,1.2570393457085114,327.58583333333337,1.5602214497364144,2,1,1973,train
1973-03-31,330.38,329.475,327.54,324.86,327.725,328.5216666666667,0.7902144575286602,327.02500000000003,1.6641414202701066,327.74,1.6455419573285146,3,1,1973,train
1973-04-30,331.575,330.38,328.55,325.3,329.64,329.4683333333333,0.7471092438329225,327.945,1.7371720313939667,327.96125,1.799899447421529,4,2,1973,train
1973-05-31,332.4,331.575,329.475,326.425,330.0,330.4766666666667,0.8600419886380946,328.99083333333334,1.718762676717869,328.1225,2.016693353816627,5,2,1973,train
1973-06-30,331.94,332.4,330.38,327.54,329.075,331.45166666666665,0.8292600449922519,329.9866666666667,1.6740013606756028,328.3225,2.2930442828972883,6,2,1973,train
1973-07-31,330.65,331.94,331.575,328.55,328.04,331.97166666666664,0.3375483504436609,330.71999999999997,1.3793929824336946,328.56125000000003,2.4988773520978746,7,3,1973,train
1973-08-31,329.325,330.65,332.4,329.475,326.25,331.66333333333336,0.7407353703497842,331.07,0.9981107152951091,328.77875,2.5569538558267824,8,3,1973,train
1973-09-30,327.5,329.325,331.94,330.38,324.86,330.6383333333333,1.0676011531562446,331.045,1.0387973815845772,329.035,2.4421984631325904,9,3,1973,train
1973-10-31,327.225,327.5,330.65,331.575,325.3,329.1583333333333,1.291370933886594,330.565,1.6939598578442234,329.255,2.158641548133215,10,4,1973,train
1973-11-30,328.05,327.225,329.325,332.4,326.425,328.0166666666667,0.9319185705953209,329.84,2.0082641758465356,329.41541666666666,1.9167436125842006,11,4,1973,train
1973-12-31,328.64,328.05,327.5,331.94,327.54,327.5916666666667,0.34298526045165967,329.11499999999995,1.717338056408673,329.55083333333334,1.7509186081070467,12,4,1973,train
1974-01-31,329.325,328.64,327.225,330.65,328.55,327.97166666666664,0.5803207925108728,328.565,1.1637224755027353,329.6425,1.6701777599983783,1,1,1974,train
1974-02-28,330.625,329.325,328.05,329.325,329.475,328.6716666666667,0.5209979739760874,328.3441666666667,0.8229287973731719,329.70708333333334,1.641420190886136,2,1,1974,train
1974-03-31,331.5,330.625,328.64,327.5,330.38,329.53,0.8232354867624592,328.5608333333334,1.1562706454571052,329.8029166666667,1.6585541624304052,3,1,1974,train
1974-04-30,332.625,331.5,329.325,327.225,331.575,330.48333333333335,0.8935727291164517,329.2275,1.4644929441013765,329.89625,1.7188212106439513,4,2,1974,train
1974-05-31,332.975,332.625,330.625,328.05,332.4,331.5833333333333,0.8186201126819173,330.1275,1.609422127138054,329.98375000000004,1.8254715429607296,5,2,1974,train
1974-06-30,332.15999999999997,332.975,331.5,328.64,331.94,332.3666666666667,0.6292632376205577,330.9483333333333,1.596406555009137,330.0316666666667,1.8945077783463817,6,2,1974,train
1974-07-31,331.075,332.15999999999997,332.625,329.325,330.65,332.58666666666664,0.3338246379274225,331.535,1.2493831811417295,330.05,1.9138519186863325,7,3,1974,train
1974-08-31,329.21999999999997,331.075,332.975,330.625,329.325,332.07,0.7782780137361948,331.82666666666665,0.8349484348598986,330.0854166666667,1.9285038008038426,8,3,1974,train
1974-09-30,327.375,329.21999999999997,332.15999999999997,331.5,327.5,330.8183333333333,1.2138941011831743,331.59250000000003,1.2385837005708362,330.07666666666665,1.9321688303255362,9,3,1974,train
1974-10-31,327.375,327.375,331.075,332.625,327.225,329.2233333333333,1.5105205136708741,330.905,2.006130188527299,330.06625,1.9463171686099892,10,4,1974,train
1974-11-30,328.4,327.375,329.21999999999997,332.975,328.05,327.99,0.8697413408584395,330.03,2.2006097639794344,330.07874999999996,1.9284288996035117,11,4,1974,train
1974-12-31,329.675,328.4,327.375,332.15999999999997,328.64,327.71666666666664,0.4831896338089686,329.2675,1.8051563874973588,330.10791666666665,1.8999610284726565,12,4,1974,train
1975-01-31,330.25,329.675,327.375,331.075,329.325,328.48333333333335,0.9408182018260421,328.85333333333335,1.3116041916467345,330.19416666666666,1.8543101068091992,1,1,1975,train
1975-02-28,331.3,330.25,328.4,329.21999999999997,330.625,329.44166666666666,0.7730710762195757,328.71583333333336,1.0972139591766663,330.27124999999995,1.8357095869152094,2,1,1975,train
1975-03-31,332.0,331.3,329.675,327.375,331.5,330.40833333333336,0.6727844297301909,329.0625,1.4677611919709972,330.3275,1.8559178995829353,3,1,1975,train
1975-04-30,333.275,332.0,330.25,327.375,332.625,331.18333333333334,0.7191816336786833,329.8333333333333,1.5886096296900432,330.3691666666667,1.887123950764189,4,2,1975,train
1975-05-31,333.86,333.275,331.3,328.4,332.975,332.19166666666666,0.8176015057598262,330.81666666666666,1.5886096296896033,330.42333333333335,1.9590541226693454,5,2,1975,train
1975-06-30,333.4,333.86,332.0,329.675,332.15999999999997,333.045,0.7765629401397752,331.72666666666663,1.5052731387385998,330.49708333333336,2.067388104923942,6,2,1975,train
1975-07-31,331.8,333.4,333.275,330.25,331.075,333.51166666666666,0.2515397030704079,332.3475,1.2827826199262504,330.60041666666666,2.176055738344236,7,3,1975,train
1975-08-31,329.98,331.8,333.86,331.3,329.21999999999997,333.02,0.8828740944580751,332.60583333333335,0.9463104523393511,330.6608333333333,2.198343915818027,8,3,1975,train
1975-09-30,328.525,329.98,333.4,332.0,327.375,331.7266666666667,1.3971717463816982,332.3858333333333,1.308460981028343,330.7241666666667,2.166640865229102,9,3,1975,train
1975-10-31,328.325,328.525,331.8,333.275,327.375,330.1016666666667,1.339778174010138,331.8066666666667,1.9586127460206306,330.82,2.0379973830515694,10,4,1975,train
1975-11-30,329.44,328.325,329.98,333.86,328.4,328.9433333333333,0.7375673227264304,330.9816666666667,2.194661451995647,330.89916666666664,1.917528610533316,11,4,1975,train
1975-12-31,330.775,329.44,328.525,333.4,329.675,328.7633333333333,0.48539216676188374,330.245,1.8136105792923443,330.98583333333335,1.8238282006666753,12,4,1975,train
1976-01-31,331.74,330.775,328.325,331.8,330.25,329.5133333333333,1.0015515740858538,329.8075,1.2188476456562294,331.07750000000004,1.7828237200177781,1,1,1976,train
1976-02-29,332.55,331.74,329.44,329.98,331.3,330.65166666666664,0.9430123128680105,329.79749999999996,1.202597016178629,331.20166666666665,1.7727254597220503,2,1,1976,train
1976-03-31,333.45000000000005,332.55,330.775,328.525,332.0,331.68833333333333,0.7255610855658565,330.22583333333336,1.5874282573426883,331.30583333333334,1.8117393039691485,3,1,1976,train
1976-04-30,334.45,333.45000000000005,331.74,328.325,333.275,332.58,0.6984268036084447,331.0466666666667,1.7597056256304908,331.4266666666667,1.900201012756229,4,2,1976,train
1976-05-31,334.76,334.45,332.55,329.44,333.86,333.48333333333335,0.7760297817873536,332.0675,1.6584122677986997,331.52458333333334,2.019453781689412,5,2,1976,train
1976-06-30,334.40000000000003,334.76,333.45000000000005,330.775,333.4,334.22,0.558987179338972,332.95416666666665,1.4218954974046027,331.5995833333333,2.1190519286651655,6,2,1976,train
1976-07-31,332.86,334.40000000000003,334.45,331.74,331.8,334.5366666666667,0.15923427882915656,333.55833333333334,1.101686837931686,331.6829166666667,2.2060914327635666,7,3,1976,train
1976-08-31,330.725,332.86,334.76,332.55,329.98,334.0066666666667,0.8240280469868346,333.74500000000006,0.8420758081369047,331.77125,2.230101945537574,8,3,1976,train
1976-09-30,329.35,330.725,334.40000000000003,333.45000000000005,328.525,332.6616666666667,1.506852864600401,333.44083333333333,1.377910303880024,331.8333333333333,2.189369518578187,9,3,1976,train
1976-10-31,329.1,329.35,332.86,334.45,328.325,330.97833333333335,1.4441048746154024,332.7575,2.054466171535602,331.90208333333334,2.0953365464874243,10,4,1976,train
1976-11-30,330.35,329.1,330.725,334.76,329.44,329.725,0.7144345083112396,331.86583333333334,2.275497045821202,331.9666666666667,1.9935587247129405,11,4,1976,train
1976-12-31,331.625,330.35,329.35,334.40000000000003,330.775,329.6,0.5400617248666483,331.1308333333334,1.9038347631929908,332.0425,1.9116283416649698,12,4,1976,train
1977-01-31,332.88,331.625,329.1,332.86,331.74,330.35833333333335,1.0308437752094357,330.66833333333335,1.2923385349342795,332.11333333333334,1.8788164862164902,1,1,1977,train
1977-02-28,333.425,332.88,330.35,330.725,332.55,331.61833333333334,1.0328789323477938,330.6716666666667,1.298000599207384,332.2083333333333,1.8863438328007465,2,1,1977,train
1977-03-31,334.70000000000005,333.425,331.625,329.35,333.45000000000005,332.6433333333334,0.7536614329753937,331.12166666666667,1.6568963623419728,332.28125,1.9148380316595315,3,1,1977,train
1977-04-30,336.04,334.70000000000005,332.88,329.1,334.45,333.66833333333335,0.7626743880721172,332.0133333333334,1.8871090470719392,332.3854166666667,2.007349473736903,4,2,1977,train
1977-05-31,336.675,336.04,333.425,330.35,334.76,334.7216666666667,1.067679206919307,333.17,1.873781826498703,332.5179166666667,2.183960906940637,5,2,1977,train
1977-06-30,336.2,336.675,334.70000000000005,331.625,334.40000000000003,335.805,0.8232354867628192,334.2241666666667,1.7668885473823255,332.6775,2.4011286408664554,6,2,1977,train
1977-07-31,334.8,336.2,336.04,332.88,332.86,336.305,0.26966028010381154,334.9866666666667,1.4370794070624504,332.82750000000004,2.5553216529409637,7,3,1977,train
1977-08-31,332.875,334.8,336.675,333.425,330.725,335.89166666666665,0.795909682200909,335.3066666666667,1.108571402993858,332.9891666666667,2.6129818800642783,8,3,1977,train
1977-09-30,331.575,332.875,336.2,334.70000000000005,329.35,334.625,1.3630541686467985,335.21500000000003,1.2711871092199798,333.16833333333335,2.5237780321462493,9,3,1977,train
1977-10-31,331.2,331.575,334.8,336.04,329.1,333.0833333333333,1.3248165491446289,334.69416666666666,1.8731555743015151,333.35375000000005,2.3090394151727973,10,4,1977,train
1977-11-30,332.35,331.2,332.875,336.675,330.35,331.8833333333334,0.7177317666700513,333.8875,2.142659465084453,333.52875,2.0444377028467513,11,4,1977,train
1977-12-31,333.86,332.35,331.575,336.2,331.625,331.7083333333333,0.47885859661695335,333.1666666666667,1.7805468885165816,333.69541666666663,1.850864053096089,12,4,1977,train
1978-01-31,335.025,333.86,331.2,334.8,332.88,332.47,1.0892505068463898,332.7766666666667,1.2509385365423706,333.88166666666666,1.7424256719325744,1,1,1978,train
1978-02-28,335.35,335.025,332.35,332.875,333.425,333.74499999999995,1.0950875155279445,332.81416666666667,1.312870318122354,334.06041666666664,1.7405225009680503,2,1,1978,train
1978-03-31,336.6,335.35,333.86,331.575,334.70000000000005,334.74500000000006,0.6397004507309142,333.22666666666663,1.6200608699076677,334.22083333333336,1.7631291233322928,3,1,1978,train
1978-04-30,337.64,336.6,335.025,331.2,336.04,335.6583333333333,0.6789493517347606,334.06416666666667,1.8344172931854656,334.37916666666666,1.880458535980592,4,2,1978,train
1978-05-31,337.95,337.64,335.35,332.35,336.675,336.53000000000003,0.9361979847583515,335.1375,1.72536892189675,334.5125,2.0431761426726056,5,2,1978,train
1978-06-30,337.925,337.95,336.6,333.86,336.2,337.39666666666665,0.577369513877065,336.0708333333333,1.459150485339951,334.61875000000003,2.1813481353251127,6,2,1978,train
1978-07-31,336.5,337.925,337.64,335.025,334.8,337.8383333333333,0.1406137341137078,336.74833333333333,1.1951871076111993,334.7625,2.3324222923789226,7,3,1978,train
1978-08-31,334.65,336.5,337.95,335.35,332.875,337.4583333333333,0.6777208537109319,336.9941666666667,0.9398599925163964,334.9041666666667,2.3815084796982844,8,3,1978,train
1978-09-30,332.74,334.65,337.925,336.6,331.575,336.35833333333335,1.3407605635936053,336.8775,1.1554355239378749,335.0520833333333,2.3047690216247902,9,3,1978,train
1978-10-31,332.65,332.74,336.5,337.64,331.2,334.63000000000005,1.5350787167651019,336.2341666666667,1.9394509890346738,335.14916666666664,2.177269728859474,10,4,1978,train
1978-11-30,333.825,332.65,334.65,337.95,332.35,333.34666666666664,0.9223279725168889,335.4025,2.209399899666614,335.27000000000004,1.986637653587609,11,4,1978,train
1978-12-31,334.96000000000004,333.825,332.74,337.925,333.86,333.07166666666666,0.5339527652833331,334.715,1.9344034394738003,335.3929166666667,1.8425768395666628,12,4,1978,train
1979-01-31,336.225,334.96000000000004,332.65,336.5,335.025,333.81166666666667,0.9431006780228993,334.22083333333336,1.3380471362665671,335.4845833333333,1.7906661450534767,1,1,1979,train
1979-02-28,336.7,336.225,333.825,334.65,335.35,335.0033333333334,0.9802749047525079,334.175,1.261725009652411,335.58458333333334,1.7957083773190656,2,1,1979,train
1979-03-31,338.0,336.7,334.96000000000004,332.74,336.6,335.96166666666664,0.7343515658191528,334.51666666666665,1.5812064662372998,335.69708333333335,1.8196170136525196,3,1,1979,train
1979-04-30,338.875,338.0,336.225,332.65,337.64,336.97499999999997,0.7502777263558439,335.3933333333333,1.7966210569294814,335.81375,1.9160920787246434,4,2,1979,train
1979-05-31,339.375,338.875,336.7,333.825,337.95,337.85833333333335,0.8935727291169061,336.43083333333334,1.7080579046196998,335.9166666666667,2.0405445896149246,5,2,1979,train
1979-06-30,339.23999999999995,339.375,338.0,334.96000000000004,337.925,338.75,0.5682575707071675,337.35583333333335,1.541037033580148,336.03541666666666,2.1913137786207737,6,2,1979,train
1979-07-31,337.525,339.23999999999995,338.875,336.225,336.5,339.1633333333333,0.21120027356742102,338.06916666666666,1.2251374639324855,336.145,2.312592340495298,7,3,1979,train
1979-08-31,336.025,337.525,339.375,336.7,334.65,338.7133333333333,0.8420840549226122,338.28583333333336,0.9677526227625965,336.23041666666666,2.342858348906229,8,3,1979,train
1979-09-30,333.98,336.025,339.23999999999995,338.0,332.74,337.59666666666664,1.313496182796669,338.17333333333335,1.164748422992745,336.345,2.2959157577425557,9,3,1979,train
1979-10-31,333.95,333.98,337.525,338.875,332.65,335.8433333333333,1.4529299899012615,337.50333333333333,1.9579084645437141,336.4483333333333,2.1549133135401646,10,4,1979,train
1979-11-30,335.15,333.95,336.025,339.375,333.825,334.65166666666664,0.9711705422947058,336.6825,2.224954587546569,336.5566666666667,1.9874044351546842,11,4,1979,train
1979-12-31,336.65999999999997,335.15,333.98,339.23999999999995,334.96000000000004,334.35999999999996,0.5587486017868207,335.9783333333333,1.9072857386527158,336.6670833333333,1.8656482992172903,12,4,1979,train
1980-01-31,337.925,336.65999999999997,333.95,337.525,336.225,335.25333333333333,1.1087630745810073,335.54833333333335,1.3255963018715549,336.80875,1.793804296502264,1,1,1980,train
1980-02-29,338.225,337.925,335.15,336.025,336.7,336.5783333333333,1.1343598292522337,335.61499999999995,1.4293296797146646,336.9504166666666,1.8091716086942597,2,1,1980,train
1980-03-31,340.06,338.225,336.65999999999997,333.98,338.0,337.60333333333335,0.6781879451066171,335.9816666666666,1.7366266789962261,337.0775,1.84040926154565,3,1,1980,train
1980-04-30,340.75,340.06,337.925,333.95,338.875,338.7366666666667,0.9437190024338169,336.995,2.0232111440259373,337.24916666666667,2.006986581637176,4,2,1980,train
1980-05-31,341.34000000000003,340.75,338.225,335.15,339.375,339.67833333333334,1.0655697484858087,338.12833333333333,1.9009485936055344,337.40541666666667,2.1919449680678906,5,2,1980,train
1980-06-30,340.95,341.34000000000003,340.06,336.65999999999997,339.23999999999995,340.7166666666667,0.5230891149905422,339.16,1.6703268143211163,337.56916666666666,2.3967928513337586,6,2,1980,train
1980-07-31,339.375,340.95,340.75,337.925,337.525,341.0133333333334,0.24499433099891713,339.875,1.330833072416991,337.71166666666664,2.5385374179248195,7,3,1980,train
1980-08-31,337.6,339.375,341.34000000000003,338.225,336.025,340.555,0.8494409926530416,340.1166666666667,1.0585983919916642,337.86583333333334,2.57838275647175,8,3,1980,train
1980-09-30,335.875,337.6,340.95,340.06,333.98,339.30833333333334,1.3684439662946544,340.0125,1.2525898171276768,337.9970833333333,2.520779854801024,9,3,1980,train
1980-10-31,336.025,335.875,339.375,340.75,333.95,337.6166666666667,1.4289176167837494,339.315,1.9837464555666198,338.155,2.3151493832252465,10,4,1980,train
1980-11-30,337.06,336.025,337.6,341.34000000000003,335.15,336.5,0.7802243267159891,338.5275,2.1853846915301935,338.3279166666667,2.057811801332558,11,4,1980,train
1980-12-31,338.2,337.06,335.875,340.95,336.65999999999997,336.32,0.5268301434043047,337.81416666666667,1.8186886682986645,338.4870833333333,1.8712634527781788,12,4,1980,train
1981-01-31,339.21999999999997,338.2,336.025,339.375,337.925,337.09499999999997,0.8882848642183243,337.35583333333335,1.2179744683416571,338.6154166666667,1.7927184412793695,1,1,1981,train
1981-02-28,340.45,339.21999999999997,337.06,337.6,338.225,338.16,0.8822698000040892,337.33,1.175786970491086,338.7233333333333,1.7868773196658794,2,1,1981,train
1981-03-31,341.4,340.45,338.2,335.875,340.06,339.29,0.9198912979255721,337.805,1.663460248991744,338.90875,1.8401914811998488,3,1,1981,train
1981-04-30,342.45,341.4,339.21999999999997,336.025,340.75,340.3566666666666,0.8924249112509915,338.72583333333336,1.8580509875124724,339.0204166666667,1.9443716404970541,4,2,1981,train
1981-05-31,342.82,342.45,340.45,337.06,341.34000000000003,341.43333333333334,0.8168367169889055,339.7966666666667,1.844312578946576,339.1620833333333,2.119290819205564,5,2,1981,train
1981-06-30,342.125,342.82,341.4,338.2,340.95,342.22333333333336,0.6014611837470984,340.75666666666666,1.6598460437217242,339.28541666666666,2.2794594190367734,6,2,1981,train
1981-07-31,340.425,342.125,342.45,339.21999999999997,339.375,342.465,0.28393074272706725,341.41083333333336,1.2449043358925131,339.3833333333333,2.372210057211487,7,3,1981,train
1981-08-31,338.4,340.425,342.82,340.45,337.6,341.78999999999996,1.0060400919772632,341.6116666666667,0.9335267656528099,339.47083333333336,2.389590126402825,8,3,1981,train
1981-09-30,336.7,338.4,342.125,341.4,335.875,340.31666666666666,1.5226530209543467,341.27000000000004,1.499652737570274,339.53749999999997,2.3472506079765383,9,3,1981,train
1981-10-31,336.94,336.7,340.425,342.45,336.025,338.5083333333333,1.522653020954414,340.4866666666667,2.261271151850775,339.60625,2.24899618811285,10,4,1981,train
1981-11-30,338.425,336.94,338.4,342.82,337.06,337.34666666666664,0.7512360185421255,339.5683333333333,2.3924963717550547,339.6825,2.1391114783119693,11,4,1981,train
1981-12-31,339.6,338.425,336.7,342.125,338.2,337.355,0.7629220143628723,338.8358333333333,1.9086981092346473,339.79625,2.030149958536526,12,4,1981,train
1982-01-31,340.7,339.6,336.94,340.425,339.21999999999997,338.32166666666666,1.0883958634408128,338.415,1.3267441350820242,339.91291666666666,1.9745310185040361,1,1,1982,train
1982-02-28,341.55,340.7,338.425,338.4,340.45,339.57500000000005,0.9289330797566595,338.46083333333337,1.3982143870653942,340.03625,1.9736199028212573,2,1,1982,train
1982-03-31,342.675,341.55,339.6,336.7,341.4,340.6166666666667,0.7982620009882635,338.98583333333335,1.8081077048106464,340.12791666666664,2.0158026299800005,3,1,1982,train
1982-04-30,343.475,342.675,340.7,336.94,342.45,341.64166666666665,0.8088915598244012,339.9816666666667,1.917043441220622,340.2341666666667,2.1113876098119646,4,2,1982,train
1982-05-31,343.96000000000004,343.475,341.55,338.425,342.82,342.56666666666666,0.7896025723247516,341.0708333333334,1.7264738067879577,340.31958333333336,2.217375004301417,5,2,1982,train
1982-06-30,343.29999999999995,343.96000000000004,342.675,339.6,342.125,343.37000000000006,0.529827015795102,341.99333333333334,1.534333912654986,340.4145833333333,2.343310921829892,6,2,1982,train
1982-07-31,341.91999999999996,343.29999999999995,343.475,340.7,340.425,343.5783333333334,0.2791753729980187,342.60999999999996,1.1418369702514777,340.5125,2.4354726611710387,7,3,1982,train
1982-08-31,339.625,341.91999999999996,343.96000000000004,341.55,338.4,343.05999999999995,0.8499411744348754,342.81333333333333,0.8566099202796864,340.63708333333335,2.4658580811488138,8,3,1982,train
1982-09-30,338.025,339.625,343.29999999999995,342.675,336.7,341.61499999999995,1.5157341455544673,342.4925,1.434952815705095,340.7391666666667,2.3954851920922877,9,3,1982,train
1982-10-31,337.9,338.025,341.91999999999996,343.475,336.94,339.8566666666666,1.5985427391498748,341.7175,2.186170071906915,340.8495833333333,2.231698212057342,10,4,1982,train
1982-11-30,339.275,337.9,339.625,343.96000000000004,338.425,338.51666666666665,0.7853696935555915,340.7883333333333,2.4145542491714944,340.9295833333333,2.103650060339529,11,4,1982,train
1982-12-31,340.425,339.275,338.025,343.29999999999995,339.6,338.40000000000003,0.6208193510730102,340.0075,1.9812848314426332,341.0004166666667,2.0311864947282467,12,4,1982,train
1983-01-31,341.34,340.425,337.9,341.91999999999996,340.7,339.2,1.032190227945719,339.5283333333333,1.3849839549712735,341.06916666666666,1.99628491759059,1,1,1983,train
1983-02-28,342.5,341.34,339.275,339.625,341.55,340.34666666666664,0.8448504141101205,339.4316666666667,1.2257707325847786,341.1225,1.9942579029079224,2,1,1983,train
1983-03-31,343.15,342.5,340.425,338.025,342.675,341.4216666666666,0.8490812027648658,339.9108333333333,1.6839819294934506,341.20166666666665,2.028224113734185,3,1,1983,train
1983-04-30,344.9,343.15,341.34,337.9,343.475,342.33,0.7486432172045591,340.765,1.8061469116980804,341.24125,2.0609626846396814,4,2,1983,train
1983-05-31,345.65,344.9,342.5,339.275,343.96000000000004,343.51666666666665,1.0135197197005734,341.9316666666667,1.8392178289125105,341.35999999999996,2.2210808179751207,5,2,1983,train
1983-06-30,345.275,345.65,343.15,340.425,343.29999999999995,344.56666666666666,1.047483757497907,342.9941666666666,1.8389771084819866,341.50083333333333,2.4256355123690194,6,2,1983,train
1983-07-31,343.82,345.275,344.9,341.34,341.91999999999996,345.2749999999999,0.30618621784740435,343.8025,1.5796723025035548,341.66541666666666,2.602671270643333,7,3,1983,train
1983-08-31,342.15,343.82,345.65,342.5,339.625,344.91499999999996,0.78927181629631,344.21583333333336,1.1462635555802843,341.82374999999996,2.670258355941694,8,3,1983,train
1983-09-30,339.875,342.15,345.275,343.15,338.025,343.7483333333333,1.2767819791263704,344.15749999999997,1.2373821492554913,342.03416666666664,2.5868898904923925,9,3,1983,train
1983-10-31,340.02,339.875,343.82,344.9,337.9,341.9483333333333,1.6168401968721735,343.6116666666667,2.029935685890781,342.18833333333333,2.39108355260362,10,4,1983,train
1983-11-30,341.15,340.02,342.15,345.65,339.275,340.6816666666667,1.0399545930255154,342.79833333333335,2.309221850650417,342.365,2.1319924171165416,11,4,1983,train
1983-12-31,342.98,341.15,339.875,345.275,340.425,340.3483333333333,0.5699463912405904,342.04833333333335,1.9665974564010325,342.52125,1.9617138818243154,12,4,1983,train
1984-01-31,343.675,342.98,340.02,343.82,341.34,341.3833333333334,1.2196265366448489,341.6658333333333,1.4596701016064848,342.7341666666666,1.8585846242586972,1,1,1984,train
1984-02-29,344.425,343.675,341.15,342.15,342.5,342.6016666666667,1.064975221412096,341.64166666666665,1.4245837598601483,342.92875,1.8243527676434639,2,1,1984,train
1984-03-31,345.175,344.425,342.98,339.875,343.15,343.6933333333333,0.5900612020983584,342.0208333333333,1.770243431148133,343.08916666666664,1.8638064023740182,3,1,1984,train
1984-04-30,347.4,345.175,343.675,340.02,344.9,344.425,0.6123724356954653,342.9041666666667,1.8011603127394882,343.2579166666667,1.9512938638324482,4,2,1984,train
1984-05-31,347.35,347.4,344.425,341.15,345.65,345.6666666666667,1.2633179418586127,344.13416666666666,1.9270777026848176,343.46624999999995,2.229165693140449,5,2,1984,train
1984-06-30,346.65999999999997,347.35,345.175,342.98,345.275,346.64166666666665,1.037290808896914,345.1675,1.6985993003924589,343.60791666666665,2.410118823425465,6,2,1984,train
1984-07-31,345.2,346.65999999999997,347.4,343.675,343.82,347.1366666666667,0.3376717669899498,345.7808333333333,1.44318922489322,343.72333333333336,2.5179400751797623,7,3,1984,train
1984-08-31,343.3,345.2,347.35,344.425,342.15,346.40333333333336,0.8963010406974591,346.035,1.1555662392488597,343.8383333333333,2.5510253929605367,8,3,1984,train
1984-09-30,341.12,343.3,346.65999999999997,345.175,339.875,345.05333333333334,1.3756291489914843,345.8475,1.4542573992564674,343.93416666666667,2.5070216670110113,9,3,1984,train
1984-10-31,341.475,341.12,345.2,347.4,340.02,343.20666666666665,1.6669599741909724,345.1716666666667,2.3038259241638235,344.03791666666666,2.3582377409899142,10,4,1984,train
1984-11-30,342.85,341.475,343.3,347.35,341.15,341.965,0.955047991812843,344.18416666666667,2.4046697913680815,344.15916666666664,2.179141491244289,11,4,1984,train
1984-12-31,344.14,342.85,341.12,346.65999999999997,342.98,341.81500000000005,0.7460674679047006,343.43416666666667,1.9611697543863662,344.3008333333334,2.0289958860305455,12,4,1984,train
1985-01-31,344.925,344.14,341.475,345.2,343.675,342.82166666666666,1.0881661433598266,343.01416666666665,1.4207346006629344,344.39750000000004,1.991042963701828,1,1,1985,train
1985-02-28,345.875,344.925,342.85,343.3,344.425,343.97166666666664,0.8554368604527689,342.9683333333334,1.3522655886280766,344.5016666666667,1.9832016762956817,2,1,1985,train
1985-03-31,347.44,345.875,344.14,341.12,345.175,344.98,0.7093776615215021,343.39750000000004,1.7419020973151949,344.62249999999995,2.018704720847746,3,1,1985,train
1985-04-30,348.325,347.44,344.925,341.475,347.4,346.08,1.0369265483464305,344.4508333333333,1.945210821183864,344.81125,2.1623204405158747,4,2,1985,train
1985-05-31,348.82500000000005,348.325,345.875,342.85,347.35,347.2133333333333,1.012968684389833,345.5925,1.8724421441776442,344.8883333333333,2.26717641326421,5,2,1985,train
1985-06-30,348.17999999999995,348.82500000000005,347.44,344.14,346.65999999999997,348.1966666666667,0.5726594877304971,346.58833333333337,1.7327186409933604,345.01125,2.4313457564633985,6,2,1985,train
1985-07-31,346.45,348.17999999999995,348.325,344.925,345.2,348.4433333333333,0.2762949309845159,347.2616666666666,1.4043197245799426,345.13791666666674,2.5506105954642795,7,3,1985,train
1985-08-31,344.3,346.45,348.82500000000005,345.875,343.3,347.8183333333333,1.0027489992786893,347.5158333333333,1.0522888412932991,345.2420833333333,2.5764134133250445,8,3,1985,train
1985-09-30,343.0,344.3,348.17999999999995,347.44,341.12,346.30999999999995,1.5870937800474645,347.25333333333333,1.5209472559924555,345.32541666666674,2.52796645739109,9,3,1985,train
1985-10-31,342.8,343.0,346.45,348.325,341.475,344.5833333333333,1.4226344888577382,346.5133333333333,2.185180516306603,345.4820833333333,2.3114727072498553,10,4,1985,train
1985-11-30,344.21999999999997,342.8,344.3,348.82500000000005,342.85,343.3666666666666,0.6649979114409532,345.59250000000003,2.382896958877131,345.5925,2.1429229454117094,11,4,1985,train
1985-12-31,345.57500000000005,344.21999999999997,343.0,348.17999999999995,344.14,343.34,0.627587975239534,344.825,1.9135285904912993,345.70666666666665,2.027138103055834,12,4,1985,train
1986-01-31,346.25,345.57500000000005,342.8,346.45,344.925,344.1983333333333,1.1329925958367433,344.3908333333334,1.3003218084449772,345.82625,1.9727889786133925,1,1,1986,train
1986-02-28,346.825,346.25,344.21999999999997,344.3,345.875,345.34833333333336,0.8441004416266263,344.3575,1.2486450990155253,345.93666666666667,1.9562669949491236,2,1,1986,train
1986-03-31,347.74,346.825,345.57500000000005,343.0,347.44,346.2166666666667,0.5108544041318865,344.77833333333336,1.5479735857511885,346.0158333333333,1.971333974460072,3,1,1986,train
1986-04-30,349.525,347.74,346.25,342.8,348.325,346.93833333333333,0.6135461587262342,345.5683333333333,1.64528281930947,346.0408333333333,1.991040173425402,4,2,1986,train
1986-05-31,350.08000000000004,349.525,346.825,344.21999999999997,348.82500000000005,348.03,1.1211824115633215,346.6891666666667,1.6681162446041786,346.1408333333334,2.1286320268019803,5,2,1986,train
1986-06-30,349.375,350.08000000000004,347.74,345.57500000000005,348.17999999999995,349.115,0.9983235948324211,347.6658333333333,1.651936784154729,346.24541666666664,2.28316160393733,6,2,1986,train
1986-07-31,347.825,349.375,349.525,346.25,346.45,349.66,0.30323258399980124,348.2991666666667,1.4443205341989416,346.345,2.388978163700552,7,3,1986,train
1986-08-31,345.82,347.825,350.08000000000004,346.825,344.3,349.0933333333334,0.9418982016233621,348.56166666666667,1.163950409385261,346.45958333333334,2.423984717297844,8,3,1986,train
1986-09-30,344.8,345.82,349.375,347.74,343.0,347.67333333333335,1.455279660026791,348.39416666666665,1.4411263438164676,346.58625,2.3462941746801156,9,3,1986,train
1986-10-31,344.1,344.8,347.825,349.525,342.8,346.1483333333333,1.2565848779744577,347.9041666666667,1.9795020768304925,346.73625,2.1625728552207675,10,4,1986,train
1986-11-30,345.62,344.1,345.82,350.08000000000004,344.21999999999997,344.9066666666667,0.7062262778698419,347.0,2.252777914773085,346.84458333333333,1.9882063297588515,11,4,1986,train
1986-12-31,346.875,345.62,344.8,349.375,345.57500000000005,344.84,0.6211816696144516,346.25666666666666,1.8052138992872588,346.96125,1.8682301395003473,12,4,1986,train
1987-01-31,348.0,346.875,344.1,347.825,346.25,345.5316666666667,1.134609575531304,345.84,1.236220719218577,347.06958333333336,1.8218196699160307,1,1,1987,train
1987-02-28,348.5,348.0,345.62,345.82,346.825,346.83166666666665,0.972113962225779,345.8691666666667,1.283856224627242,347.21541666666667,1.82041828792895,2,1,1987,train
1987-03-31,349.475,348.5,346.875,344.8,347.74,347.7916666666667,0.6795627679284574,346.31583333333333,1.6130468495510064,347.355,1.8491214129879352,3,1,1987,train
1987-04-30,350.85,349.475,348.0,344.1,349.525,348.6583333333333,0.6124858274998654,347.095,1.8097651781255564,347.4995833333333,1.939207804669888,4,2,1987,train
1987-05-31,351.73999999999995,350.85,348.5,345.62,350.08000000000004,349.60833333333335,0.9640049561880715,348.22,1.6925203100563924,347.60999999999996,2.083726629535886,5,2,1987,train
1987-06-30,351.15,351.73999999999995,349.475,346.875,349.375,350.68833333333333,0.9317218230542029,349.24,1.662114616971738,347.7483333333334,2.2881828064046177,6,2,1987,train
1987-07-31,349.45,351.15,350.85,348.0,347.825,351.24666666666667,0.3697146046466128,349.95250000000004,1.3895255485055047,347.89625,2.440835004829978,7,3,1987,train
1987-08-31,348.08000000000004,349.45,351.73999999999995,348.5,345.82,350.78,0.97080722425547,350.19416666666666,1.1309671991284918,348.0316666666667,2.477921115678519,8,3,1987,train
1987-09-30,346.4,348.08000000000004,351.15,349.475,344.8,349.55999999999995,1.2557335173778539,350.12416666666667,1.241277623595145,348.22,2.3868799369266793,9,3,1987,train
1987-10-31,346.44,346.4,349.45,350.85,344.1,347.9766666666667,1.2472993047198413,349.6116666666667,1.8760189823593356,348.3533333333333,2.231759706791611,10,4,1987,train
1987-11-30,347.925,346.44,348.08000000000004,351.73999999999995,345.62,346.97333333333336,0.7827018731426328,348.8766666666666,2.0976706658039155,348.54833333333335,1.9339664911415737,11,4,1987,train
1987-12-31,348.925,347.925,346.4,351.15,346.875,346.9216666666666,0.7096517142614956,348.2408333333333,1.6674641841758058,348.7404166666667,1.7381353254829295,12,4,1987,train
1988-01-31,350.4,348.925,346.44,349.45,348.0,347.7633333333333,1.020917343481433,347.87000000000006,1.1447234017967267,348.91125000000005,1.6446239755040146,1,1,1988,train
1988-02-29,351.775,350.4,347.925,348.08000000000004,348.5,349.0833333333333,1.016598358360601,348.02833333333336,1.391428123251875,349.11125,1.6674195695152654,2,1,1988,train
1988-03-31,352.125,351.775,348.925,346.4,349.475,350.3666666666666,1.1637463450233274,348.6441666666667,1.973819091383023,349.3841666666667,1.8071983765461783,3,1,1988,train
1988-04-30,353.58000000000004,352.125,350.4,346.44,350.85,351.43333333333334,0.7445169948063779,349.59833333333336,2.0409590610394734,349.605,1.9602359551770192,4,2,1988,train
1988-05-31,354.175,353.58000000000004,351.775,347.925,351.73999999999995,352.49333333333334,0.7815618266581442,350.78833333333336,1.9311086337912113,349.8325,2.231214635567051,5,2,1988,train
1988-06-30,353.75,354.175,352.125,348.925,351.15,353.29333333333335,0.861107168450097,351.83,1.7858471378997913,350.03541666666666,2.49105855873041,6,2,1988,train
1988-07-31,352.21999999999997,353.75,353.58000000000004,350.4,349.45,353.83500000000004,0.2502332245474637,352.6341666666667,1.323050190090481,350.2520833333333,2.6841661168832016,7,3,1988,train
1988-08-31,350.3,352.21999999999997,354.175,351.775,348.08000000000004,353.38166666666666,0.8395468354353555,352.9375,0.9247285637465756,350.48291666666665,2.7240735874220277,8,3,1988,train
1988-09-30,348.75,350.3,353.75,352.125,346.4,352.09,1.4114531518970541,352.69166666666666,1.3148595193016954,350.6679166666666,2.628302254883087,9,3,1988,train
1988-10-31,348.96,348.75,352.21999999999997,353.58000000000004,346.44,350.42333333333335,1.4193034285245998,352.12916666666666,1.9870548068686185,350.86375,2.378703362646927,10,4,1988,train
1988-11-30,350.0,348.96,350.3,354.175,347.925,349.33666666666664,0.6865533887139558,351.3591666666666,2.163007968586393,351.07375,2.0701098249773238,11,4,1988,train
1988-12-31,351.36,350.0,348.75,353.75,348.925,349.2366666666667,0.5465243717236298,350.66333333333336,1.7834859747612026,351.24666666666667,1.8775819260038693,12,4,1988,train
1989-01-31,352.775,351.36,348.96,352.21999999999997,350.4,350.1066666666666,0.9826947078764057,350.26500000000004,1.230904139219894,351.4495833333333,1.742421038772265,1,1,1989,train
1989-02-28,353.0,352.775,350.0,350.3,351.775,351.37833333333333,1.1329631748452338,350.3575,1.3854895344059532,351.64750000000004,1.7468406004270862,2,1,1989,validation
1989-03-31,353.6,353.0,351.36,348.75,352.125,352.37833333333333,0.725905564718341,350.80749999999995,1.6971538674932498,351.7495833333333,1.7866489329717945,3,1,1989,validation
1989-04-30,355.36,353.6,352.775,348.96,353.58000000000004,353.125,0.34820970693026526,351.61583333333334,1.6795991998591475,351.8725,1.857578508874814,4,2,1989,validation
1989-05-31,355.6,355.36,353.0,350.0,354.175,353.9866666666667,1.0015099711051247,352.68249999999995,1.6864651147521244,352.0208333333333,2.0491917444500696,5,2,1989,validation
1989-06-30,355.125,355.6,353.6,351.36,353.75,354.8533333333333,0.8916401865232731,353.61583333333334,1.4806710659345552,352.13958333333335,2.205882720444478,6,2,1989,validation
1989-07-31,353.86,355.125,355.36,352.775,352.21999999999997,355.3616666666667,0.19392151906573205,354.24333333333334,1.1532984098492827,352.25416666666666,2.3193523102054625,7,3,1989,validation
1989-08-31,351.575,353.86,355.6,353.0,350.3,354.8616666666667,0.734351565820654,354.4241666666667,0.9810980950753164,352.3908333333334,2.3612521689819466,8,3,1989,validation
1989-09-30,349.86,351.575,355.125,353.6,348.75,353.52,1.469087018071838,354.18666666666667,1.3860244907027148,352.49708333333336,2.2924636114208035,9,3,1989,validation
1989-10-31,350.04999999999995,349.86,353.86,355.36,348.96,351.76500000000004,1.6385105024584243,353.56333333333333,2.143633338243584,352.58958333333334,2.1578456253916207,10,4,1989,validation
1989-11-30,351.2,350.04999999999995,351.575,355.6,350.0,350.49499999999995,0.7676044988573907,352.6783333333333,2.308936744224847,352.68041666666664,2.021801443355655,11,4,1989,validation
1989-12-31,352.48,351.2,349.86,355.125,351.36,350.36999999999995,0.5920022522474617,351.945,1.932606185080462,352.78041666666667,1.9135301782364356,12,4,1989,validation
1990-01-31,353.65,352.48,350.04999999999995,353.86,352.775,351.24333333333334,0.9925164426288314,351.50416666666666,1.379469755196285,352.87375,1.8687630991645918,1,1,1990,validation
1990-02-28,354.65,353.65,351.2,351.575,353.0,352.4433333333333,1.000544296315185,351.4691666666667,1.32066402698341,352.9466666666667,1.880521130481673,2,1,1990,validation
1990-03-31,355.48,354.65,352.48,349.86,353.6,353.5933333333333,0.8868045005650521,351.9816666666666,1.7793015171222064,353.0841666666667,1.9388128168687677,3,1,1990,validation
1990-04-30,356.175,355.48,353.65,350.04999999999995,355.36,354.5933333333333,0.7481681332134533,352.9183333333333,1.8915726848747727,353.2408333333333,2.0470983868688712,4,2,1990,validation
1990-05-31,357.075,356.175,354.65,351.2,355.6,355.435,0.6233912629058967,353.9391666666667,1.7124164618539357,353.30875,2.1281928219655075,5,2,1990,validation
1990-06-30,356.08000000000004,357.075,355.48,352.48,355.125,356.24333333333334,0.6529463139414797,354.9183333333333,1.5368817636670817,353.4316666666666,2.293177683663927,6,2,1990,validation
1990-07-31,354.675,356.08000000000004,356.175,353.65,353.86,356.4433333333333,0.4483364312170867,355.5183333333334,1.111757867294344,353.51125,2.3659785898154935,7,3,1990,validation
1990-08-31,352.9,354.675,357.075,354.65,351.575,355.9433333333333,0.9845500946572888,355.6891666666667,0.862309962923457,353.57916666666665,2.3866222935746384,8,3,1990,validation
1990-09-30,350.93999999999994,352.9,356.08000000000004,355.48,349.86,354.5516666666667,1.301155469402512,355.39750000000004,1.3323311337410193,353.6895833333333,2.3210965963714996,9,3,1990,validation
1990-10-31,351.225,350.93999999999994,354.675,356.175,350.04999999999995,352.8383333333333,1.5254307224154766,354.6408333333333,2.1243771963001237,353.7795833333334,2.1879818120101673,10,4,1990,validation
1990-11-30,352.70000000000005,351.225,352.9,357.075,351.2,351.68833333333333,0.8646418654884398,353.81583333333333,2.320501771635213,353.8775,2.0401843258142787,11,4,1990,validation
1990-12-31,354.14,352.70000000000005,350.93999999999994,356.08000000000004,352.48,351.62166666666667,0.7713228175599891,353.08666666666664,1.813890079956379,354.00250000000005,1.9143803392476946,12,4,1990,validation
1991-01-31,354.675,354.14,351.225,354.675,353.65,352.68833333333333,1.1900723600781586,352.7633333333333,1.370120635381553,354.1408333333334,1.8585274562190905,1,1,1991,validation
1991-02-28,355.65,354.675,352.70000000000005,352.9,354.65,353.83833333333337,0.8340297090364402,352.7633333333333,1.370120635381553,354.22625,1.8575601437004832,2,1,1991,validation
1991-03-31,357.2,355.65,354.14,350.93999999999994,355.48,354.82166666666666,0.625117766682567,353.22166666666664,1.747242271551678,354.30958333333336,1.896719161171035,3,1,1991,validation
1991-04-30,358.6,357.2,354.675,351.225,356.175,355.8416666666667,1.039698139953285,354.26500000000004,1.9324854462423537,354.4529166666666,2.039375372433067,4,2,1991,validation
1991-05-31,359.25,358.6,355.65,352.70000000000005,357.075,357.15000000000003,1.2048513047953462,355.4941666666667,1.9533100467729057,354.655,2.3031011701538557,5,2,1991,validation
1991-06-30,358.18,359.25,357.2,354.14,356.08000000000004,358.34999999999997,0.8553751613574186,356.5858333333333,1.916638586733101,354.83625,2.557907775402362,6,2,1991,validation
1991-07-31,356.05,358.18,358.6,354.675,354.675,358.6766666666667,0.4401767321839788,357.2591666666667,1.6268589793891233,355.01125,2.7046403989188,7,3,1991,validation
1991-08-31,353.86,356.05,359.25,355.65,352.9,357.82666666666665,1.3300710089650345,357.4883333333333,1.3133343908356745,355.12583333333333,2.7170655381960156,8,3,1991,validation
1991-09-30,352.125,353.86,358.18,357.2,350.93999999999994,356.03000000000003,1.7636893150438506,357.19000000000005,1.8074106708945903,355.2058333333334,2.663965428739451,9,3,1991,validation
1991-10-31,352.25,352.125,356.05,358.6,351.225,354.0116666666666,1.6059593878908864,356.3441666666667,2.612850322059843,355.30458333333337,2.522196841978334,10,4,1991,validation
1991-11-30,353.74,352.25,353.86,359.25,352.70000000000005,352.74500000000006,0.7900738362113191,355.28583333333336,2.766312853870863,355.39000000000004,2.3968321106472708,11,4,1991,validation
1991-12-31,355.025,353.74,352.125,358.18,354.14,352.705,0.7336325147276851,354.3675,2.142035149868336,355.4766666666667,2.3154178288562375,12,4,1991,validation
1992-01-31,355.9,355.025,352.25,356.05,354.675,353.6716666666666,1.1339189663381963,353.8416666666667,1.400478092948421,355.5504166666667,2.285570186266856,1,1,1992,validation
1992-02-29,356.68,355.9,353.74,353.86,355.65,354.8883333333333,0.8870957608333638,353.8166666666666,1.3616340265143985,355.6525,2.2715041822464026,2,1,1992,validation
1992-03-31,357.9,356.68,355.025,352.125,357.2,355.86833333333334,0.6760218602645478,354.28666666666663,1.7318431093761952,355.7383333333333,2.2891795594750435,3,1,1992,validation
1992-04-30,359.075,357.9,355.9,352.25,358.6,356.82666666666665,0.8230566336665457,355.24916666666667,1.8628213741949697,355.7966666666667,2.334159675097574,4,2,1992,validation
1992-05-31,359.54,359.075,356.68,353.74,359.25,357.885,0.9778121837384213,356.3866666666666,1.765369807005779,355.83625,2.3848411241553724,5,2,1992,validation
1992-06-30,359.125,359.54,357.9,355.025,358.18,358.8383333333333,0.690124787428494,357.3533333333333,1.6345837050509624,355.86041666666665,2.420514286197228,6,2,1992,validation
1992-07-31,357.0,359.125,359.075,355.9,356.05,359.24666666666667,0.20841998198356587,358.03666666666663,1.3507518482248104,355.9391666666666,2.508473833266909,7,3,1992,validation
1992-08-31,354.86,357.0,359.54,356.68,353.86,358.555,1.112527153227093,358.22,1.0996097792368358,356.0183333333334,2.525654480628343,8,3,1992,validation
1992-09-30,353.025,354.86,359.125,357.9,352.125,356.99500000000006,1.7411825483466816,357.9166666666667,1.6135252984742432,356.1016666666667,2.468926329841496,9,3,1992,validation
1992-10-31,353.41999999999996,353.025,357.0,359.075,352.25,354.96166666666664,1.6243785136338238,357.1041666666667,2.4354318861656106,356.1766666666667,2.3581713725224738,10,4,1992,validation
1992-11-30,354.2,353.41999999999996,354.86,359.54,353.74,353.7683333333334,0.7885887535474054,356.16166666666663,2.580278839354717,356.27416666666664,2.2135584411043796,11,4,1992,validation
1992-12-31,355.35,354.2,353.025,359.125,355.025,353.54833333333335,0.4881996404013524,355.2716666666667,2.1459043677412684,356.3125,2.1729516216340845,12,4,1992,validation
1993-01-31,356.68,355.35,353.41999999999996,357.0,355.9,354.3233333333333,0.7927308636741562,354.6425,1.3173386997797478,356.33958333333334,2.1587143727269047,1,1,1993,validation
1993-02-28,357.175,356.68,354.2,354.86,356.68,355.41,1.0133442981860634,354.58916666666664,1.223983989067309,356.4045833333333,2.156241384837121,2,1,1993,validation
1993-03-31,358.425,357.175,355.35,353.025,357.9,356.40166666666664,0.7706094269398687,354.97499999999997,1.5657160236144636,356.4458333333334,2.165829165050711,3,1,1993,validation
1993-04-30,359.325,358.425,356.68,353.41999999999996,359.075,357.4266666666667,0.7342834753840597,355.875,1.7295856921819004,356.4895833333333,2.1997977732095184,4,2,1993,validation
1993-05-31,360.18,359.325,357.175,354.2,359.54,358.30833333333334,0.881602077029177,356.8591666666666,1.7326651356083804,356.5104166666667,2.225221391910819,5,2,1993,validation
1993-06-30,359.5,360.18,358.425,355.35,359.125,359.31,0.7165542547498286,357.85583333333335,1.6334763967735793,356.56374999999997,2.303487505384367,6,2,1993,validation
1993-07-31,357.41999999999996,359.5,359.325,356.68,357.0,359.66833333333335,0.36878931052252734,358.54749999999996,1.2624801978349565,356.59499999999997,2.3402724200318765,7,3,1993,validation
1993-08-31,355.325,357.41999999999996,360.18,357.175,354.86,359.0333333333333,1.1740906646801037,358.67083333333335,1.099664405844159,356.62999999999994,2.3491913502228403,8,3,1993,validation
1993-09-30,353.775,355.325,359.5,358.425,353.025,357.41499999999996,1.7044402795834377,358.3625,1.6146329562037725,356.66875,2.3233687153488525,9,3,1993,validation
1993-10-31,354.06,353.775,357.41999999999996,359.325,353.41999999999996,355.50666666666666,1.493599306671072,357.58750000000003,2.3480395191013557,356.73125,2.2328327719427854,10,4,1993,validation
1993-11-30,355.35,354.06,355.325,360.18,354.2,354.3866666666667,0.673626173943272,356.71,2.5127690568901064,356.78458333333333,2.1595441825418877,11,4,1993,validation
1993-12-31,356.775,355.35,353.775,359.5,355.35,354.395,0.6852371852134572,355.905,1.991841693826806,356.8804166666667,2.0662228606042765,12,4,1993,validation
1994-01-31,358.32,356.775,354.06,357.41999999999996,356.68,355.395,1.1088507564138106,355.4508333333333,1.3165530013981488,356.99916666666667,2.0151724836475573,1,1,1994,validation
1994-02-28,358.9,358.32,355.35,355.325,357.175,356.81500000000005,1.2128272754188485,355.60083333333336,1.5609490079724002,357.1358333333333,2.0442937180152905,2,1,1994,validation
1994-03-31,359.925,358.9,356.775,353.775,358.425,357.9983333333333,0.8968494237547477,356.19666666666666,1.9705195310259644,357.2795833333333,2.101832988056681,3,1,1994,validation
1994-04-30,361.21999999999997,359.925,358.32,354.06,359.325,359.04833333333335,0.663580356015404,357.22166666666664,2.042463109944665,357.4045833333333,2.2081510537890745,4,2,1994,validation
1994-05-31,361.65,361.21999999999997,358.9,355.35,360.18,360.01500000000004,0.9492716506182728,358.41499999999996,1.9354672131706985,357.5625,2.3993284650697677,5,2,1994,validation
1994-06-30,360.9,361.65,359.925,356.775,359.5,360.9316666666667,0.7331477037791321,359.465,1.6798908694481767,357.68499999999995,2.5618613025091523,6,2,1994,validation
1994-07-31,359.46,360.9,361.21999999999997,358.32,357.41999999999996,361.25666666666666,0.3072819913749691,360.1525,1.219247547979111,357.8016666666667,2.6713958065992327,7,3,1994,validation
1994-08-31,357.375,359.46,361.65,358.9,355.325,360.67,0.9087353850274863,360.3425,0.9852484880741815,357.97166666666664,2.7063792950821,8,3,1994,validation
1994-09-30,355.92499999999995,357.375,360.9,359.925,353.775,359.24499999999995,1.447083273347034,360.0883333333333,1.4237235998636932,358.1425,2.596388918599572,9,3,1994,validation
1994-10-31,356.02,355.92499999999995,359.46,361.21999999999997,354.06,357.58666666666664,1.4508981892455601,359.4216666666666,2.113525227862468,358.32166666666666,2.3514510886220874,10,4,1994,validation
1994-11-30,357.575,356.02,357.375,361.65,355.35,356.44,0.6622814104796356,358.555,2.2595205981044875,358.48499999999996,2.1049069654720878,11,4,1994,validation
1994-12-31,359.06,357.575,355.92499999999995,360.9,356.775,356.50666666666666,0.7564206648568357,357.87583333333333,1.7910132529240574,358.67041666666665,1.9095139633813283,12,4,1994,validation
1995-01-31,359.975,359.06,356.02,359.46,358.32,357.5516666666667,1.241184470128968,357.56916666666666,1.350232747399737,358.86083333333335,1.8229781418093631,1,1,1995,validation
1995-02-28,360.925,359.975,357.575,357.375,358.9,358.86999999999995,0.988964104505643,357.655,1.4780251463562812,358.99875,1.8393750353835812,2,1,1995,validation
1995-03-31,361.575,360.925,359.06,355.92499999999995,359.925,359.9866666666667,0.7614277524643925,358.24666666666667,1.8983077258833567,359.1675,1.9139526073788138,3,1,1995,validation
1995-04-30,363.36,361.575,359.975,356.02,361.21999999999997,360.82500000000005,0.6570134448148681,359.18833333333333,1.9143616574405686,359.305,2.0197761839599933,4,2,1995,validation
1995-05-31,363.7,363.36,360.925,357.575,361.65,361.9533333333333,1.0294523894883396,360.4116666666667,1.842728200831908,359.48333333333335,2.2610491050647323,5,2,1995,validation
1995-06-30,363.25,363.7,361.575,359.06,360.9,362.87833333333333,0.9319901048598954,361.43250000000006,1.677683795171835,359.6541666666667,2.484682100158319,6,2,1995,validation
1995-07-31,361.8,363.25,363.36,359.975,359.46,363.43666666666667,0.1915434386508649,362.1308333333333,1.392615694344767,359.84999999999997,2.6614759376377437,7,3,1995,test
1995-08-31,359.375,361.8,363.7,360.925,357.375,362.9166666666667,0.8106924338017285,362.435,1.0442700799659599,360.045,2.7110199495069134,8,3,1995,test
1995-09-30,358.0,359.375,363.25,361.575,355.92499999999995,361.47499999999997,1.5985670666779568,362.1766666666667,1.4847044224811994,360.21166666666664,2.600996870851599,9,3,1995,test
1995-10-31,357.85,358.0,361.8,363.36,356.02,359.72499999999997,1.5709604281033995,361.5808333333334,2.1671225481739533,360.3845833333333,2.3688846341009406,10,4,1995,test
1995-11-30,359.475,357.85,359.375,363.7,357.575,358.40833333333336,0.6862741596635771,360.66249999999997,2.3759975974843823,360.5370833333333,2.1298439480423594,11,4,1995,test
1995-12-31,360.7,359.475,358.0,363.25,359.06,358.44166666666666,0.7332386302484554,359.9583333333333,1.961327498271569,360.6954166666667,1.9682494954516756,12,4,1995,test
1996-01-31,362.025,360.7,357.85,361.8,359.975,359.3416666666667,1.1673212449402528,359.5333333333333,1.3971449061607815,360.8320833333333,1.905898146022565,1,1,1996,test
1996-02-29,363.175,362.025,359.475,359.375,360.925,360.7333333333333,1.0412999354441397,359.5708333333334,1.4591247852088745,361.00291666666664,1.9132786631884051,2,1,1996,test
1996-03-31,364.06000000000006,363.175,360.7,358.0,361.575,361.9666666666667,1.011256094611933,360.20416666666665,1.9714322556985229,361.19041666666664,2.0045286835093545,3,1,1996,test
1996-04-30,364.7,364.06000000000006,362.025,357.85,363.36,363.08666666666664,0.8331299751881082,361.2141666666667,2.1294667107373013,361.39750000000004,2.1561853854950854,4,2,1996,test
1996-05-31,365.325,364.7,363.175,359.475,363.7,363.9783333333333,0.6252510606872939,362.35583333333335,1.8357909663505436,361.50916666666666,2.2857364179139235,5,2,1996,test
1996-06-30,364.88,365.325,364.06000000000006,360.7,363.25,364.695,0.5164461895189931,363.3308333333334,1.5829177085783186,361.6445833333333,2.4534987418673015,6,2,1996,test
1996-07-31,363.475,364.88,364.7,362.025,361.8,364.9683333333333,0.26268908534186575,364.0275,1.125487857141448,361.78041666666667,2.580455756194546,7,3,1996,test
1996-08-31,361.32,363.475,365.325,363.175,359.375,364.56,0.7884267034218485,364.26916666666665,0.7686753576516371,361.92,2.622696608446188,8,3,1996,test
1996-09-30,359.4,361.32,364.88,364.06000000000006,358.0,363.22499999999997,1.4640753623594944,363.96000000000004,1.321113797737755,362.0820833333333,2.5184349127339214,9,3,1996,test
1996-10-31,359.625,359.4,363.475,364.7,357.85,361.39833333333337,1.6645336350530597,363.18333333333334,2.1461742447429697,362.19875,2.3536674618110482,10,4,1996,test
1996-11-30,360.73999999999995,359.625,361.32,365.325,359.475,360.11499999999995,0.8570005834304658,362.33750000000003,2.3701349293332368,362.34666666666664,2.119886330799385,11,4,1996,test
1996-12-31,362.375,360.73999999999995,359.4,364.88,360.7,359.9216666666666,0.5858943780428967,361.5733333333333,1.9928364765170925,362.45208333333335,2.0026768110897506,12,4,1996,test
1997-01-31,363.125,362.375,359.625,363.475,362.025,360.91333333333336,1.1293533056087266,361.1558333333333,1.4428658307243465,362.5916666666667,1.9328501551274997,1,1,1997,test
1997-02-28,363.875,363.125,360.73999999999995,361.32,363.175,362.08,0.9957660367782133,361.0975,1.352148752880572,362.68333333333334,1.9298837759935004,2,1,1997,test
1997-03-31,364.56,363.875,362.375,359.4,364.06000000000006,363.125,0.6123724356969559,361.5233333333333,1.710108833418862,362.7416666666666,1.9542883757290062,3,1,1997,test
1997-04-30,366.325,364.56,363.125,359.625,364.7,363.8533333333333,0.5860365934740226,362.38333333333327,1.723467112770324,362.7833333333333,1.9870081501701966,4,2,1997,test
1997-05-31,366.68,366.325,363.875,360.73999999999995,365.325,364.92,1.0320933420329998,363.5,1.744930753136464,362.91875000000005,2.160789906674655,5,2,1997,test
1997-06-30,365.475,366.68,364.56,362.375,364.88,365.855,0.9271012170573739,364.49,1.5749550257825915,363.0316666666667,2.3135851808054304,6,2,1997,test
1997-07-31,364.375,365.475,366.325,363.125,363.475,366.16,0.5055854692031584,365.00666666666666,1.2765992148901883,363.08124999999995,2.3586040406958726,7,3,1997,test
1997-08-31,362.46000000000004,364.375,366.68,363.875,361.32,365.51,0.9413377006521791,365.215,1.0308693741539836,363.15625,2.3841037143519594,8,3,1997,test
1997-09-30,360.15,362.46000000000004,365.475,364.56,359.4,364.1033333333333,1.2457683929570587,364.9791666666667,1.404568191814953,363.25125,2.3311666651671854,9,3,1997,test
1997-10-31,360.75,360.15,364.375,366.325,359.625,362.3283333333334,1.7273598994487718,364.2441666666667,2.30002430540657,363.31375,2.2351511181096053,10,4,1997,test
1997-11-30,362.38,360.75,362.46000000000004,366.68,360.73999999999995,361.12000000000006,0.9786725703733425,363.31500000000005,2.395826231854483,363.4075,2.0978416487634397,11,4,1997,test
1997-12-31,364.25,362.38,360.15,365.475,362.375,361.0933333333333,0.9422078091146826,362.59833333333336,1.8667812464596507,363.5441666666666,1.9690806159665504,12,4,1997,test
1998-01-31,365.34000000000003,364.25,360.75,364.375,363.125,362.46000000000004,1.4299883449413593,362.3941666666667,1.5870266135557156,363.7004166666666,1.9443427106201443,1,1,1998,test
1998-02-28,366.2,365.34000000000003,362.38,362.46000000000004,363.875,363.99,1.2223201980939875,362.555,1.8125005746880998,363.885,1.9856548038248236,2,1,1998,test
1998-03-31,367.375,366.2,364.25,360.15,364.56,365.2633333333333,0.7979278719853109,363.17833333333334,2.260408640518649,364.07874999999996,2.086115933368127,3,1,1998,test
1998-04-30,368.525,367.375,365.34000000000003,360.75,366.325,366.305,0.8340963173812941,364.3825,2.250843823229739,364.31333333333333,2.2766178618382518,4,2,1998,test
1998-05-31,369.14,368.525,366.2,362.38,366.68,367.3666666666666,0.9491955658476743,365.67833333333334,2.0119614531071264,364.49666666666667,2.5080514791714434,5,2,1998,test
1998-06-30,368.75,369.14,367.375,364.25,365.475,368.34666666666664,0.7315090946519449,366.805,1.7212301801994,364.70166666666665,2.76545907379597,6,2,1998,test
1998-07-31,367.6,368.75,368.525,365.34000000000003,364.375,368.805,0.2540669203243379,367.555,1.3937838186844185,364.9745833333333,2.981475067200818,7,3,1998,test
1998-08-31,365.71999999999997,367.6,369.14,366.2,362.46000000000004,368.49666666666667,0.6537243727738216,367.9316666666667,0.9916596637862801,365.24333333333334,3.059642090534961,8,3,1998,test
1998-09-30,363.925,365.71999999999997,368.75,367.375,360.15,367.3566666666666,1.2489017397530282,367.85166666666663,1.1368621532304164,365.51500000000004,2.942951324767474,9,3,1998,test
1998-10-31,364.32,363.925,367.6,368.525,360.75,365.7483333333333,1.5004462299232069,367.27666666666664,1.8691568211673628,365.82958333333335,2.5246926036660007,10,4,1998,test
1998-11-30,365.55,364.32,365.71999999999997,369.14,362.38,364.65500000000003,0.7701406797903891,366.5758333333333,2.049350337412419,366.12708333333336,2.0797330140362087,11,4,1998,test
1998-12-31,366.925,365.55,363.925,368.75,364.25,364.59833333333336,0.6919818558966941,365.97749999999996,1.709209734516413,366.39124999999996,1.7644275806758374,12,4,1998,test
1999-01-31,368.12,366.925,364.32,367.6,365.34000000000003,365.59833333333336,1.064035818111453,365.67333333333335,1.30283558266408,366.6141666666667,1.6447414099197717,1,1,1999,test
1999-02-28,368.85,368.12,365.55,365.71999999999997,366.2,366.865,1.0500555540871235,365.76,1.4383642329279658,366.8458333333333,1.6447414099196835,2,1,1999,test
1999-03-31,369.6,368.85,366.925,363.925,367.375,367.965,0.7934838792753415,366.2816666666667,1.8406082931430137,367.06666666666666,1.7194104286559881,3,1,1999,test
1999-04-30,370.975,369.6,368.12,364.32,368.525,368.85666666666674,0.604225859172338,367.2275,1.8446719446091033,367.25208333333336,1.857117455360336,4,2,1999,test
1999-05-31,370.84000000000003,370.975,368.85,365.55,369.14,369.8083333333334,0.879946336750019,368.33666666666664,1.7618921331283446,367.45625,2.104087415987006,5,2,1999,test
1999-06-30,370.25,370.84000000000003,369.6,366.925,368.75,370.47166666666664,0.6188205627591185,369.2183333333333,1.441222474883645,367.59791666666666,2.2638485468342577,6,2,1999,test
1999-07-31,369.0,370.25,370.975,368.12,367.6,370.68833333333333,0.31481034855974344,369.77250000000004,1.0348178180492564,367.72291666666666,2.3632405879082072,7,3,1999,test
1999-08-31,366.7,369.0,370.84000000000003,368.85,365.71999999999997,370.03000000000003,0.7671158104686795,369.91916666666674,0.8328686203561414,367.83958333333334,2.388712570194083,8,3,1999,test
1999-09-30,364.675,366.7,370.25,369.6,363.925,368.65000000000003,1.4702607478505887,369.5608333333334,1.449800034065123,367.92125000000004,2.330903906380714,9,3,1999,test
1999-10-31,365.14,364.675,369.0,370.975,364.32,366.7916666666667,1.766863196616529,368.74,2.3251792045394155,367.98375000000004,2.2308183522601692,10,4,1999,test
1999-11-30,366.65,365.14,366.7,370.84000000000003,365.55,365.50499999999994,0.866054270817794,367.7675,2.4058604662835212,368.0520833333333,2.1277222350836964,11,4,1999,test
1999-12-31,367.9,366.65,364.675,370.25,366.925,365.4883333333333,0.8430730823741996,367.06916666666666,1.983747330714584,368.14375,2.03983263711688,12,4,1999,test
2000-01-31,369.02,367.9,365.14,369.0,368.12,366.56333333333333,1.1284305718819612,366.67749999999995,1.4868135670721012,368.22499999999997,2.0088522842526495,1,1,2000,test
2000-02-29,369.375,369.02,366.65,366.7,368.85,367.8566666666666,0.9680335164093599,366.68083333333334,1.4920299836526505,368.3,2.0203001014569546,2,1,2000,test
2000-03-31,370.4,369.375,367.9,364.675,369.6,368.76500000000004,0.6285830626656519,367.1266666666667,1.7991888604174757,368.34375,2.0373493042301116,3,1,2000,test
2000-04-30,371.54,370.4,369.02,365.14,370.975,369.59833333333336,0.5850973328368836,368.08083333333326,1.7637044741434804,368.41041666666666,2.0897801502396622,4,2,2000,test
2000-05-31,371.65,371.54,369.375,366.65,370.84000000000003,370.43833333333333,0.8842730850214512,369.1475,1.5892654225211227,368.4575,2.1524554776533917,5,2,2000,test
2000-06-30,371.625,371.65,370.4,367.9,370.25,371.19666666666666,0.5651155240837458,369.9808333333333,1.3548013896658864,368.52500000000003,2.2371456888812524,6,2,2000,test
2000-07-31,369.94,371.625,371.54,369.02,369.0,371.605,0.04708148969370317,370.6016666666667,1.0857971981169137,368.63958333333335,2.3546881059570004,7,3,2000,test
2000-08-31,367.95,369.94,371.65,369.375,366.7,371.0716666666667,0.800274258547469,370.75499999999994,0.9008144462369183,368.71791666666667,2.380865089906452,8,3,2000,test
2000-09-30,366.53999999999996,367.95,371.625,370.4,364.675,369.8383333333333,1.50203380639707,370.5175,1.3224968493534932,368.8220833333333,2.316781584368377,9,3,2000,test
2000-10-31,366.725,366.53999999999996,369.94,371.54,365.14,368.14333333333326,1.3947600351166796,369.87416666666667,1.9923780110145535,368.97749999999996,2.084255962355078,10,4,2000,test
2000-11-30,368.125,366.725,367.95,371.65,366.65,367.07166666666666,0.6256507723094159,369.07166666666666,2.125073854899383,369.1095833333333,1.876776334481029,11,4,2000,test
2000-12-31,369.44,368.125,366.53999999999996,371.625,367.9,367.12999999999994,0.7076133595892502,368.4841666666667,1.7922551358866876,369.2325,1.7560852532301223,12,4,2000,test
2001-01-31,370.175,369.44,366.725,369.94,369.02,368.09666666666664,1.108575161588918,368.12000000000006,1.2600363750931411,369.36083333333335,1.7096756921029421,1,1,2001,test
2001-02-28,371.325,370.175,368.125,367.95,369.375,369.24666666666667,0.8480009171924475,368.15916666666664,1.3183051513641726,369.4570833333333,1.720257318833689,2,1,2001,test
2001-03-31,372.06,371.325,369.44,366.53999999999996,370.4,370.31333333333333,0.7757397902818388,368.72166666666664,1.7563163787061475,369.6195833333333,1.7952929871381174,3,1,2001,test
2001-04-30,372.775,372.06,370.175,366.725,371.54,371.18666666666667,0.7757397902821696,369.64166666666665,1.8172453206548074,369.7579166666667,1.9103636851832946,4,2,2001,test
2001-05-31,373.79999999999995,372.775,371.325,368.125,371.65,372.05333333333334,0.5919787909158702,370.65000000000003,1.5824400988819842,369.86083333333335,2.0329318250989776,5,2,2001,test
2001-06-30,373.06,373.79999999999995,372.06,369.44,371.625,372.87833333333333,0.7141000552406679,371.5958333333333,1.483462775210553,370.03999999999996,2.26429624827327,6,2,2001,test
2001-07-31,371.3,373.06,372.775,370.175,369.94,373.21166666666664,0.4319786517429159,372.1991666666666,1.191362723425067,370.15958333333333,2.3797938096257636,7,3,2001,test
2001-08-31,369.425,371.3,373.79999999999995,371.325,367.95,372.71999999999997,1.0485545606559574,372.3866666666667,0.9143652928486516,370.27291666666673,2.39894461024001,8,3,2001,test
2001-09-30,367.88,369.425,373.06,372.06,366.53999999999996,371.2616666666666,1.4842300660254049,372.07,1.4176888468718982,370.3958333333333,2.313023664419812,9,3,2001,test
2001-10-31,368.05,367.88,371.3,372.775,366.725,369.535,1.3983740558247835,371.3733333333333,2.109620160621986,370.5075,2.150838499270375,10,4,2001,test
2001-11-30,369.375,368.05,369.425,373.79999999999995,368.125,368.45166666666665,0.6917409598677128,370.5858333333333,2.311634372496053,370.61791666666664,1.9811396744464298,11,4,2001,test
2001-12-31,371.02,369.375,367.88,373.06,369.44,368.435,0.6682938475474615,369.84833333333336,1.822714703066358,370.72208333333333,1.8774755416956916,12,4,2001,test
